#rdp_tax_and_bootstrap	blast_taxonomy	blast_subject	blast_perc_identity	blast_perc_query_coverage	blast_evalue	blast_aln_length	seed_id	seed_sequence	observation_name	observation_sum	500taxas_With_Error_Power_Law-01-reads	500taxas_With_Error_Power_Law-02-reads	500taxas_With_Error_Power_Law-03-reads	500taxas_With_Error_Power_Law-04-reads	500taxas_With_Error_Power_Law-05-reads	500taxas_With_Error_Power_Law-06-reads	500taxas_With_Error_Power_Law-07-reads	500taxas_With_Error_Power_Law-08-reads	500taxas_With_Error_Power_Law-09-reads	500taxas_With_Error_Power_Law-10-reads
Bacteria;(1.0);Bacteroidetes;(1.0);Flavobacteriia;(1.0);Flavobacteriales;(1.0);Flavobacteriaceae;(1.0);Pibocella;(0.81);Pibocella ponti;(0.45);	Bacteria;Bacteroidetes;Flavobacteriia;Flavobacteriales;Flavobacteriaceae;Pibocella;Pibocella ponti	AY576654.1.1447	100.0	100.0	0.0	421	2_17	TGAGGAATATTGGACAATGGAGGAGACTCTGATCCAGCCATGCCGCGTGCAGGAAGAATGCCCTATGGGTAGTAAACTGCTTTTATACAGGAAGAAAAAAGAGTACGTGTACTCTACTGACGGTACTGTAAGAATAAGGACCGGCTAACTCCGTGCCAGCAGCCGCGGTAATACGGAGGGTCCGAGCGTTATCCGGAATTATTGGGTTTAAAGGGTCCGTAGGCGGGCCGATAAGTCAGGGGTGAAAGTCTGCAGCTCAACTGTAAAATTGCCTTTGATACTGTCGGTCTTGAGTTATAGTGAAGTTGCTGGAATATGTAGTGTAGCGGTGAAATGCATAGATATTACATAGAACACCGATTGCGAAGGCAGGTGACTAACTATATACTGACGCTGATGGACGAAAGCGTGGGGAGCGAAC	Cluster_1	33769	7	32460	10	5	8	202	400	2	397	278
Bacteria;(1.0);Proteobacteria;(1.0);Deltaproteobacteria;(1.0);Desulfobacterales;(1.0);Desulfobacteraceae;(1.0);Desulfofrigus;(1.0);Desulfofrigus oceanense;(0.63);	Bacteria;Proteobacteria;Deltaproteobacteria;Desulfobacterales;Desulfobacteraceae;Desulfofrigus;Desulfofrigus oceanense	AF099064.1.1523	100.0	100.0	0.0	427	1_40	TGAGGAATTTTGCGCAATGGGCGAAAGCCTGACGCAGCAACGCCGCGTGAGTGATGAAGGCTCTTGGGTCGTAAAGCTCTGTCAAGTGGGAAGAAACCTCACATGACTAATACTCATGTGAATTGACGGTACCACTGAAGGAAGCACCGGCTAACTCCGTGCCAGCAGCCGCGGTAACACGGGGGGTGCAAGCGTTATTCGGTATTATTGGGCGTAAAGGGCGCGTAGGCGGCCATTTAAGTCGGGTGTGAAATCCCGGGGCTTAACCCCGGAACTGCATCCGATACTGTATGGCTTGAGTATGGGAGAGGGAAGTGGAATTCCAGGTGTAGAGGTGAAATTCGTAGATATCTGGAGGAACACCAGTGGCGAAGGCGACTTCCTGGACCAATACTGACGCTGAGGCGCGAAGGCGTGGGGAGCAAAC	Cluster_2	32955	31458	656	33	6	74	2	298	1	426	1
Bacteria;(1.0);Proteobacteria;(1.0);Alphaproteobacteria;(1.0);Rhizobiales;(1.0);Phyllobacteriaceae;(1.0);Pseudahrensia;(1.0);unknown species;(0.77);	Bacteria;Proteobacteria;Alphaproteobacteria;Rhizobiales;Phyllobacteriaceae;Pseudahrensia;Pseudahrensia aquimaris	GU575117.1.1441	100.0	100.0	0.0	401	2_19141	TGGGGAATATTGGACAATGGGCGCAAGCCTGATCCAGCCATGCCGCGTGTGTGATGAAGGCCCTAGGGTTGTAAAGCACTTTCAACGGTGAAGATAATGACGGTAACCGTAGAAGAAGCCCCGGCTAACTTCGTGCCAGCAGCCGCGGTAATACGAAGGGGGCTAGCGTTGTTCGGAATAACTGGGCGTAAAGCGCACGTAGGCGGATTGGAAAGTTAGGGGTGAAATCCCTGGGCTCAACCCAGGAACTGCCTCTAAAACTATCAGTCTAGAGTTCGAGAGAGGTGAGTGGAATTCCGAGTGTAGAGGTGAAATTCGTAGATATTCGGAGGAACACCAGTGGCGAAGGCGGCTCACTGGCTCGATACTGACGCTGAGGTGCGAAAGTGTGGGGAGCAAAC	Cluster_3	32201	6	120	66	2	3	31749	8	2	157	88
Bacteria;(1.0);Proteobacteria;(1.0);Alphaproteobacteria;(1.0);Rhizobiales;(1.0);Hyphomicrobiaceae;(0.8);Methylorhabdus;(0.8);Methylorhabdus multivorans;(0.8);	Bacteria;Proteobacteria;Alphaproteobacteria;Rhizobiales;Hyphomicrobiaceae;Methylorhabdus;Methylorhabdus multivorans	AF004845.1.1337	100.0	100.0	0.0	400	1_42754	TGGGGAATATTGGACAATGGGCGCAAGCCTGATCCAGCCATGCCGCGTGAGTGATGAAGGCCTTAGGGTTGTAAAGCTCTTTCGCCGACGGAGATAATGACGGTATCGGAAGAATAAGCCCCGGCTAACTTCGTGCCAGCAGCCGCGGTAATACGAAGGGGGCTAGCGTTGTTCGGAATCACTGGGCGTAAAGCGCACGTAGGCGGATTTTAAGTCAGGGGTGAAAGCCTGGAGCTCAACTCCAGAACTGCCCTTGATACTGGGTATCTCGAGTCCGGAAGAGGTAAGTGGAACTGCGAGTGTAGAGGTGAAATTCGTAGATATTCGCAAGAACACCAGTGGCGAAGGCGGCTTACTGGTCCGGTACTGACGCTGAGGTGCGAAAGCGTGGGGAGCAAAC	Cluster_4	32229	20	45	13	16	42	74	178	6	31809	26
Bacteria;(1.0);Proteobacteria;(1.0);Gammaproteobacteria;(1.0);Methylococcales;(1.0);Methylococcaceae;(1.0);Methylovulum;(1.0);Methylovulum miyakonense HT12;(1.0);	Bacteria;Proteobacteria;Gammaproteobacteria;Methylococcales;Methylococcaceae;Methylovulum;Multi-affiliation	multi-subject	100.0	100.0	0.0	425	3_9	TGGGGAATATTGGACAATGGGCGCAAGCCTGATCCAGCAATACCGCGTGTGTGAAGAAGGCCTGAGGGTTGTAAAGCACTTTTAATGGGGAGGAACCCCTGCCGGCGAACACCCGGCAGACTGACATTACCCATAGAAAAAGCACCGGCTAACTCCGTGCCAGCAGCCGCGGTAATACGGAGGGTGCAAGCGTTAATCGGAATTACTGGGCGTAAAGCGTGCGTAGGCGGCCCGTCAAGTCAGATGTGAAAGCCCCGGGCTCAACCTGGGAACGGCATTTGAAACTGGCGGGCTAGAGTTTGGGAGAGGTAAGTGGAATTTCAGGTGTAGCGGTGAAATGCGTAGAGATCTGAAGGAACACCAGTGGCGAAGGCGACTTACTGGCCCAAAACTGACGCTGAGGTACGAAAGCGTGGGTAGCAAAC	Cluster_5	31880	5	8	31715	3	37	4	42	33	2	31
Bacteria;(1.0);Proteobacteria;(1.0);Epsilonproteobacteria;(1.0);Campylobacterales;(1.0);Campylobacteraceae;(1.0);Campylobacter;(1.0);Campylobacter fetus subsp. fetus;(0.69);	Bacteria;Proteobacteria;Epsilonproteobacteria;Campylobacterales;Campylobacteraceae;Campylobacter;Multi-affiliation	multi-subject	100.0	100.0	0.0	402	1_7216	TAGGGAATATTGCTCAATGGGGGAAACCCTGAAGCAGCAACGCCGCGTGGAGGATGACACTTTTCGGAGCGTAAACTCCTTTTGTTAGGGAAGAACCATGACGGTACCTAACGAATAAGCACCGGCTAACTCCGTGCCAGCAGCCGCGGTAATACGGAGGGTGCAAGCGTTACTCGGAATCACTGGGCGTAAAGGACGCGTAGGCGGATTATCAAGTCTTTTGTGAAATCTAACAGCTTAACTGTTAAACTGCTTGAGAAACTGATAATCTAGAGTGAGGGAGAGGCAGATGGAATTGGTGGTGTAGGGGTAAAATCCGTAGAGATCACCAGGAATACCCATTGCGAAGGCGATCTGCTGGAACTCAACTGACGCTAATGCGTGAAAGCGTGGGGAGCAAAC	Cluster_6	31937	70	10	12	3	31785	6	9	31	11	0
Bacteria;(1.0);Proteobacteria;(1.0);Gammaproteobacteria;(1.0);Thiotrichales;(1.0);Thiotrichaceae;(1.0);Cocleimonas;(0.97);unknown species;(0.78);	Bacteria;Proteobacteria;Gammaproteobacteria;Thiotrichales;Thiotrichaceae;Cocleimonas;Cocleimonas flava	AB495251.1.1512	100.0	100.0	0.0	426	2_4621	TGGGGAATATTGGACAATGGGCGCAAGCCTGATCCAGCAATGCCGCGTGTGTGAAGAAGGCCCTAGGGTTGTAAAGCACTTTCAATTGTGAAGAAGGGTATAAGATTAATACTCTTGTATCTTGACGTTAACTTTAGAAGAAGCACCGGCTAACTCTGTGCCAGCAGCCGCGGTAATACAGAGGGTGCGAGCGTTAATCGGAATTACTGGGCGTAAAGCGCGCGTAGGCGGTTAGATAAGTCAGATGTGAAATCCCCGGGCTCAACCTGGGAACTGCACCTGATACTGTTTAACTAGAGTTTGGGAGAGGGAAGTAGAATTTCAGGTGTAGCGGTGAAATGCATAGAGATCTGAAGGAATACCAGTGGCGAAGGCGACTTCCTGGCCTAAAACTGACGCTGAGGTGCGAAAGCGTGGGTAGCAAAC	Cluster_7	32152	10	23	8	8	42	15	10	9	30	31997
Bacteria;(1.0);Bacteroidetes;(1.0);Cytophagia;(1.0);Cytophagales;(1.0);Flammeovirgaceae;(1.0);Reichenbachiella;(1.0);Reichenbachiella agariperforans;(1.0);	Bacteria;Bacteroidetes;Cytophagia;Cytophagales;Flammeovirgaceae;Reichenbachiella;Reichenbachiella agariperforans	multi-subject	100.0	100.0	0.0	420	1_67885	TAGGGAATATTGGTCAATGGAGGAGACTCTGAACCAGCCATGCCGCGTGCAGGAAGACGGCCTTCTGGGTTGTAAACTGCTTTTGACAGGGAAGAAAACGGCTATGCGTAGCTAATTGACGGTACCTGTAGAATAAGCACCGGCTAACTCCGTGCCAGCAGCCGCGGTAATACGGAGGGTGCAAGCGTTGTCCGGATTTATTGGGTTTAAAGGGTGCGTAGGTGGCCCATTAAGTCAGTGGTGAAATTTTGCAGCTTAACTGTAAAACTGCCATTGATACTGGTGGGCTTGAGTATTGTTGAGGCAGGCGGAATTTATGATGTAGCGGTGAAATGCATAGATATCATAAAGAACACCGATAGCGAAGGCAGCTTGCTAAGCGATAACTGACACTAAGGCACGAAAGCGTGGGTAGCGAAC	Cluster_8	31962	76	8	8	31785	10	5	55	4	7	4
Bacteria;(1.0);Proteobacteria;(1.0);Gammaproteobacteria;(1.0);Aeromonadales;(1.0);Succinivibrionaceae;(1.0);Succinivibrio;(1.0);Succinivibrio dextrinosolvens;(0.45);	Bacteria;Proteobacteria;Gammaproteobacteria;Aeromonadales;Succinivibrionaceae;Succinivibrio;Succinivibrio dextrinosolvens	Y17600.1.1463	100.0	100.0	0.0	401	1_43584	TAGGGAATATTGCACAATGGAGGAAACTCTGATGCAGCCATGCCGCGTGTGTGAAGAAGGCCTTCGGGTTGTAAAGCACTTTCGGAGGGGAGGAGAATGACGTTACCCTCAGAAGAAGCACCGGCTAACTCCGTGCCAGCAGCCGCGGTAATACGGAGGGTGCAAGCGTTAATCGGAATAACTGGGCGTAAAGGGCATGCAGGCGGTTAAACAAGTAGGATGTGAAATCCCCGGGCTCAACCTGGGAAGCGCATACTAAACTGTTTAACTAGAGTATTGCAGGGGGAGACGGAATTCCAGGTGTAGCGGTGGAATGCGTAGATATCTGGAAGAACACCAAAGGCGAAGGCAGTCTCCTGGGCAAATACTGACGCTCATATGCGAAAGCGTGGGTAGCAAAC	Cluster_9	31942	18	20	4	6	7	13	55	31739	72	8
Bacteria;(1.0);Bacteroidetes;(1.0);Bacteroidia;(1.0);Bacteroidales;(1.0);Bacteroidales Incertae Sedis;(1.0);Phocaeicola;(1.0);Phocaeicola abscessus;(1.0);	Bacteria;Bacteroidetes;Bacteroidia;Bacteroidales;Bacteroidales Incertae Sedis;Phocaeicola;Phocaeicola abscessus	multi-subject	100.0	100.0	0.0	420	1_64598	TGAGGAATATTGGTCAATGGGCGCAAGCCTGAACCAGCCATGTAGCGTGAAGGATGACAGTTTTTTTGATTGTAAACTTCTTTTCTGTGCGATTAAAGTGTGGCATTTATGCCATATTGCAGTTATCTCAGGAATAAGCATCGGCTAACTCCGTGCCAGCAGCCGCGGTAATACGGAGGATGCGAGCGTTATCCGGATTTATTGGGTTTAAAGGGAGCGTAGATGGTTTTTTAAGTCAGCTGTCAAATGTATGGGCTCAACCCTTATTATCAGTTGAAACTGTAAGACTTGAGTGCGGTGTGGGTACATGGAATTCGTGGTGTAGCGGTGAAATGCATAGATATCACGAAGAACTCCGAAAGCGTAGGCATTGTACCATAGCGCCACTGACATTGATGCTCGAAGGTGCGGGAATCAAAC	Cluster_10	31728	12	2	5	24	22	24	31617	14	5	3
Bacteria;(1.0);Bacteroidetes;(1.0);Cytophagia;(1.0);Cytophagales;(1.0);Cytophagaceae;(1.0);Fibrella;(1.0);Cytophagaceae bacterium R9-9;(1.0);	Bacteria;Bacteroidetes;Cytophagia;Cytophagales;Cytophagaceae;Fibrella;Cytophagaceae bacterium R9-9	JQ303016.1.1425	100.0	100.0	0.0	421	1_87424	TAGGGAATATTGGGCAATGGAGGCAACTCTGACCCAGCCATGCCGCGTGCAGGACGAAGGCGCTCAGCGTTGTAAACTGCTTTTGCCCAAGAAGAACGGTATCTGTGCGCAGGTATGTGACGGTATTGGGTGAATAAGCACCGGCTAACTCCGTGCCAGCAGCCGCGGTAATACGGAGGGTGCAAGCGTTGTCCGGATTTATTGGGTTTAAAGGGTGCGTAGGCGGGTTAGTAAGTCTGGTTTGAAAGCGGGTCGCTCAACGATCCGATGTGGCTGGATACTGTTAATCTTGAAATTGTTGGAGGCAGCCGGAACGGGTCGTGTAGCGGTGAAATGCATAGAGATGACCCAGAACACCAATTGCGTAGGCAGGCTGCTACGACTGATTTGACGCTGAGGCACGAGAGCATGGGGAGCAAAC	Cluster_11	13595	8	3	16	13	9	2188	48	11298	7	5
Bacteria;(1.0);Bacteroidetes;(1.0);Bacteroidia;(1.0);Bacteroidales;(1.0);Marinilabiaceae;(1.0);Marinifilum;(1.0);Marinifilum fragile CECT 7942;(1.0);	Bacteria;Bacteroidetes;Bacteroidia;Bacteroidales;Marinilabiaceae;Marinifilum;Marinifilum fragile CECT 7942	FJ394546.1.1452	100.0	100.0	0.0	421	2_47	TGAGGAATATTGGTCAATGGGCGCAAGCCTGAACCAGCCATGTCGCGTGCAGGATGACTGCCCTATGGGTTGTAAACTGCTTTTTTACGGGAATAAACCTTCCTACGTGTAGGGAGCTGAAGGTACCGTATGAATAAGGATCGGCTAACTCCGTGCCAGCAGCCGCGGTAATACGGAGGATTCGAGCGTTATCCGGATTTATTGGGTTTAAAGGGTCCGTAGGCGGGCGATTAAGTCAGTGGTGAAATCTCACAGCTCAACTGTGAAACTGCCATTGATACTGGTTGTCTTGAATTTAGTTGAGGTGGGCGGAATACGTTATGTAGCGGTGAAATGCATAGATATAACGTAGAACACCGATTGCGAAGGCAGCTCACTAAGCTAATATTGACGCTGATGGACGAAAGCGTGGGGAGCGAAC	Cluster_12	12671	12	11636	5	35	3	817	145	3	7	8
Bacteria;(1.0);Bacteroidetes;(1.0);Cytophagia;(1.0);Cytophagales;(1.0);Cytophagaceae;(1.0);Ohtaekwangia;(1.0);unknown species;(0.63);	Bacteria;Bacteroidetes;Cytophagia;Cytophagales;Cytophagaceae;Ohtaekwangia;Ohtaekwangia koreensis	GU117702.1.1444	100.0	100.0	0.0	420	1_49982	TAGGGAATATTGGTCAATGGATGCAAGTCTGAACCAGCCATGCCGCGTGCAGGAAGAAGGCCTTCTGGGTTGTAAACTGCTTTTGCCAGGGGATAAAATGAGCGTGCGCGCTTAATTGAAGGTACCTGGTGAATAAGCCACGGCTAACTACGTGCCAGCAGCCGCGGTAATACGTAGGTGGCAAGCGTTGTCCGGATTTATTGGGTTTAAAGGGTGCGTAGGCGGCCCTGTAAGTCAGTGCTGAAATATCCCGGCTTAACCGGGAGGGTGGCATTGATACTGCAGGGCTTGAGTGAAGTCGAGGTAGGCGGAATTGACGGTGTAGCGGTGAAATGCTTAGATATCGTCAAGAACACCGATAGTGAAGACAGCTTACTAGGCTTATACTGACGCTGAGGCACGAAAGTGTGGGGATCAAAC	Cluster_13	12420	20	9	12	27	11667	17	23	625	8	12
Bacteria;(1.0);Bacteroidetes;(1.0);Cytophagia;(1.0);Cytophagales;(1.0);Cytophagaceae;(1.0);Siphonobacter;(1.0);Bacteroidetes bacterium CNX-216;(1.0);	Bacteria;Bacteroidetes;Cytophagia;Cytophagales;Cytophagaceae;Siphonobacter;Bacteroidetes bacterium CNX-216	JN368460.1.1424	100.0	100.0	0.0	422	3_77	TAGGGAATATTGGGCAATGGGCGCGAGCCTGACCCAGCCATGCCGCGTGTAGGAAGAAGGCTTTCTGAGTTGTAAACTACTTTTGTAAGGGAAGAACGGCGGTGACGTGTCACCGAGCTGACGGTACCTTACGAATAAGCACCGGCTAACTCCGTGCCAGCAGCCGCGGTAATACGGAGGGTGCAAGCGTTGTCCGGATTTATTGGGTTTAAAGGGTACGTAGGCGGCCTGGTAAGTCCGTGGTGAAAGTCAGTGGCTCAACCATTGAAGTGCCATGGATACTGTCGGGCTTGAGAAGTGTAGAGGCGAGCGGAATTGGTGGTGTAGCGGTGAAATGCATAGATACCACCAGGAACACCGATTGCGAAGGCAGCTCGCTGGACACCCTCTGACGCTGAGGTACGAAAGCGTGGGGAGCGAAC	Cluster_14	12025	1	2	11239	6	608	4	16	16	5	128
Bacteria;(1.0);Proteobacteria;(1.0);Gammaproteobacteria;(1.0);Oceanospirillales;(1.0);Oceanospirillaceae;(1.0);Marinomonas;(1.0);Marinomonas communis;(1.0);	Bacteria;Proteobacteria;Gammaproteobacteria;Oceanospirillales;Oceanospirillaceae;Marinomonas;Multi-affiliation	multi-subject	100.0	100.0	0.0	426	2_11228	TGGGGAATATTGGACAATGGGCGCAAGCCTGATCCAGCCATGCCGCGTGTGTGAAGAAGGCCTTAGGGTTGTAAAGCACTTTCAGGAGTGAGGAAGGGCGTATAGTTAATACCTGTATGTTTTGACGTTAACTCCAGAAGAAGCACCGGCTAACTCTGTGCCAGCAGCCGCGGTAATACAGAGGGTGCGAGCGTTAATCGGAATTACTGGGCGTAAAGCGCGCGTAGGCGGTTTGTTAAGTCGGATGTGAAATCCCAGGGCTCAACCTTGGAATGGCACCCGATACTGGCAGGCTAGAGTACGGTAGAGGGGTGTGGAATTTCCTGTGTAGCGGTGAAATGCGTAGATATAGGAAGGAACATCAGTGGCGAAGGCGACACCCTGGACCGATACTGACGCTGAGGTGCGAAAGCGTGGGGAGCAAAC	Cluster_15	11886	8	73	45	11430	79	33	11	198	4	5
Bacteria;(1.0);Bacteroidetes;(1.0);Sphingobacteriia;(1.0);Sphingobacteriales;(1.0);Chitinophagaceae;(1.0);Ferruginibacter;(1.0);Ferruginibacter alkalilentus;(0.79);	Bacteria;Bacteroidetes;Sphingobacteriia;Sphingobacteriales;Chitinophagaceae;Ferruginibacter;Ferruginibacter alkalilentus	FJ177530.1.1470	100.0	100.0	0.0	421	1_498	TAAGGAATATTGGTCAATGGACGAAAGTCTGAACCAGCCATGCCGCGTGAAGGATGAAGGCCCTCTGGGTTGTAAACTTCTTTTATCTGGGACGAAAAAAGGGTATTCTTACTCACTTGACGGTACCAGAGGAATAAGCACCGGCTAACTCCGTGCCAGCAGCCGCGGTAATACGGAGGGTGCAAGCGTTATCCGGATTCACTGGGTTTAAAGGGAGCGTAGGTGGGCTGATAAGTCAGTGGTGAAATCTCCGGGCTTAACCCGGAAACTGCCATTGATACTATTAGTCTTGAATTATCTGGAGGTAAGCGGAATATGTCATGTAGCGGTGAAATGCTTAGATATGACATAGAACACCAATTGCGAAGGCAGCTTGCTACGGATTGATTGACACTGAGGCTCGAAAGCGTGGGGATCAAAC	Cluster_16	11795	157	8	97	13	7	4	6	7	11489	7
Bacteria;(1.0);Tenericutes;(1.0);Mollicutes;(1.0);Entomoplasmatales;(1.0);Spiroplasmataceae;(1.0);Spiroplasma;(1.0);Spiroplasma citri;(1.0);	Bacteria;Tenericutes;Mollicutes;Entomoplasmatales;Spiroplasmataceae;Spiroplasma;Spiroplasma citri	X63781.329.1858	100.0	100.0	0.0	424	1_2	TAGGGAATTTTTCACAATGGCGAAAGCCTGATGGAGCAATGCCGCGTGACTGAAGACGGTCTTCGGATTGTAAAAGTCTGTTGTAAGGGAAGAACAGTAAGTATAGGAAATGATACTTATTTGACGGTACCTTACCAGAAAGCCACGGCTAACTATGTGCCAGCAGCCGCGGTAATACATAGGTGGCAAGCGTTATCCGGATTTATTGGGCGTAAAGCGTGCGCAGACGGTTTAACAAGTTTGGGGTCAAATCCTGGAGCTCAACTCCAGTTCGCCTTGAAAACTGTTAAGCTAGAGTGTAGGAAAGGTCGATGGAATTCCATGTGTAGCGGTGAAATGCGTAGATATATGGAGGAACACCAGTGGCGAAGGCGGTCGACTGGCCTATCACTGACGTTTAGGCACGAAAGCGTAGGGAGCAAAT	Cluster_17	11524	11351	2	12	1	30	6	48	42	29	3
Bacteria;(1.0);Firmicutes;(1.0);Bacilli;(1.0);Bacillales;(1.0);Staphylococcaceae;(1.0);Staphylococcus;(1.0);Staphylococcus aureus subsp. aureus ST228;(1.0);	Bacteria;Firmicutes;Bacilli;Bacillales;Staphylococcaceae;Staphylococcus;Multi-affiliation	multi-subject	100.0	100.0	0.0	426	1_16191	TAGGGAATCTTCCGCAATGGGCGAAAGCCTGACGGAGCAACGCCGCGTGAGTGATGAAGGTCTTCGGATCGTAAAACTCTGTTATTAGGGAAGAACATATGTGTAAGTAACTGTGCACATCTTGACGGTACCTAATCAGAAAGCCACGGCTAACTACGTGCCAGCAGCCGCGGTAATACGTAGGTGGCAAGCGTTATCCGGAATTATTGGGCGTAAAGCGCGCGTAGGCGGTTTTTTAAGTCTGATGTGAAAGCCCACGGCTCAACCGTGGAGGGTCATTGGAAACTGGAAAACTTGAGTGCAGAAGAGGAAAGTGGAATTCCATGTGTAGCGGTGAAATGCGCAGAGATATGGAGGAACACCAGTGGCGAAGGCGACTTTCTGGTCTGTAACTGACGCTGATGTGCGAAAGCGTGGGGATCAAAC	Cluster_18	11671	58	3	5	2	21	11468	67	37	4	6
Bacteria;(1.0);Bacteroidetes;(1.0);Cytophagia;(1.0);Cytophagales;(1.0);Flammeovirgaceae;(1.0);Perexilibacter;(1.0);Perexilibacter aurantiacus;(0.99);	Bacteria;Bacteroidetes;Cytophagia;Cytophagales;Flammeovirgaceae;Perexilibacter;Perexilibacter aurantiacus	AB276355.1.1477	99.76	100.0	0.0	420	1_61445	TAGGGAATATTGGGCAATGGACGGAAGTCTGACCCAGCCACGCCGCGTGAGCGAAGAAGGCCTTCGGGTCGTAAAGTTCTTTTCTACAGGAAGAAAGTTGAGGATGCGTCCTCATTTGCCGGTACTGTAGGAATAAGCACCGGCTAACTCCGTGCCAGCAGCCGCGGTAATACGGAGGGTGCGAGCGTTGTCCGGAATTATTGGGTTTAAAGGGTACGCAGGTGGTTTATTAAGTCAGCGGTGAAAGTCTGTGGCTCAACCATAGAAGCGCCGTTGATACTGGTAGACTTGAATACAGGAGAGGCAGGCGGAATTCCTCATGTAGCGGTGAAATGCATAGATATGAGGAGGAACACCGATAGCGAAGGCAGCTTGCTGGCCATGTATTGACACTGAGGTACGAAAGCGTGGGGAGCGAAC	Cluster_19	11352	3	2	1	13	4	12	6	13	5	11293
Bacteria;(1.0);Proteobacteria;(1.0);Gammaproteobacteria;(1.0);Chromatiales;(1.0);Ectothiorhodospiraceae;(1.0);Thiohalospira;(1.0);Thiohalospira halophila;(1.0);	Bacteria;Proteobacteria;Gammaproteobacteria;Chromatiales;Ectothiorhodospiraceae;Thiohalospira;Thiohalospira halophila	DQ469576.1.1448	99.76	100.0	0.0	425	1_81126	TGGGGAATATTGGACAATGGGCGAAAGCCTGATCCAGCAATGCCGCGTGTGTGAAGAAGGCCTGCGGGTTGTAAAGCACTTTCAGAGCCAAGAAAAGCTCAGGGCTAATACCCCTGAGTCTTGACATGAACTGCAGAAGAAGCACCGGCTAACTCCGTGCCAGCAGCCGCGGTAATACGGAGGGTGCAAGCGTTAATCGGAATTACTGGGCGTAAAGGGCACGCAGGCGGCCTGGACAGTTGGATGTGAAAGCCCCGGGCTTAACCTGGGAATTGCATTCAATACTTCCAGGCTAGAGTTCGGTAGAGGGTAGTGGAATTCCCGGTGTAGCGGTGAAATGCGTAGATATCGGGAGGAACACCAGTGGCGAAGGCGACTGCCTGGACCGAAACTGACGCTGAGGTGCGAAAGCGTGGGTAGCAAAC	Cluster_20	11515	24	3	10	95	3	32	11300	11	1	36
Bacteria;(1.0);Firmicutes;(1.0);Clostridia;(1.0);Clostridiales;(1.0);Eubacteriaceae;(1.0);Alkalibacter;(1.0);Alkalibacterium sp. 8B;(0.34);	Bacteria;Firmicutes;Clostridia;Clostridiales;Eubacteriaceae;Alkalibacter;Multi-affiliation	multi-subject	100.0	100.0	0.0	403	3_303	TGGGGAATATTGCGCAATGGGGGAAACCCTGACGCAGCAACGCCGCGTGAGTGAAGAAGGTTTTCGGATCGTAAAACTCTGTCTTTGGGGAAGAATACATGACGGTACCCAAGGAGGAAGCCCCGGCTAACTACGTGCCAGCAGCCGCGGTAATACGTAGGGGGCAAGCGTTGTCCGGAATTATTGGGCGTAAAGGGCGTGTAGGCGGTATCGTAAGTCAGGTGTGAAAGTTTGAGGCTTAACCTCAAAATTGCACTTGAAACTGCAATACTTGAGTACTGGAGAGGTAAGTGGAATTCCTAGTGTAGCGGTGAAATGCGTAGATATTAGGAGGAACACCAGTGGCGAAGGCGACTTACTGGACAGTTACTGACGCTGAGGCGCGAAAGCGTGGGGAGCAAAC	Cluster_21	8497	3	6	2256	6185	18	4	3	12	9	1
Bacteria;(1.0);Bacteroidetes;(1.0);Cytophagia;(1.0);Cytophagales;(1.0);Cytophagaceae;(1.0);Spirosoma;(1.0);Spirosoma linguale DSM 74;(1.0);	Bacteria;Bacteroidetes;Cytophagia;Cytophagales;Cytophagaceae;Spirosoma;Multi-affiliation	multi-subject	100.0	100.0	0.0	421	1_3840	TAGGGAATATTGGGCAATGGACGGAAGTCTGACCCAGCCATGCCGCGTGCAGGATGAAGGCGCTCAGCGTTGTAAACTGCTTTTATTGGTGAAGAACAGCAGTCCTGCGGGATTGTGTGACGGTAGCCAAGGAATAAGCACCGGCTAACTCCGTGCCAGCAGCCGCGGTAATACGGAGGGTGCAAGCGTTGTCCGGATTTATTGGGTTTAAAGGGTGCGTAGGTGGTCATTTAAGTCTGGTTTGAAAGCAGGCGGCTTAACCGTCTGATGTGGCTGGAAACTGAATGACTTGAATGGGTTGGCGGTAGCCGGAATGGGTCATGTAGCGGTGAAATGCATAGATATGACCCGGAACACCGATTGCGAAGGCAGGCTACTACGACTTGATTGACACTGAGGCACGAGAGCATGGGTAGCGAAC	Cluster_22	7184	16	6260	7	5	9	16	20	803	41	7
Bacteria;(1.0);Proteobacteria;(1.0);Epsilonproteobacteria;(1.0);Campylobacterales;(1.0);Helicobacteraceae;(1.0);Sulfurimonas;(1.0);Sulfurimonas autotrophica DSM 16294;(1.0);	Bacteria;Proteobacteria;Epsilonproteobacteria;Campylobacterales;Helicobacteraceae;Sulfurimonas;Multi-affiliation	multi-subject	100.0	100.0	0.0	401	1_2060	TGAGGAATATTGCACAATGGGGGAAACCCTGATGCAGCAACGCCGCGTGGAGGATGACGCATTTCGGTGTGTAAACTCCTTTTATATGTCAAGAAAATGACGGTAGCATATGAATAAGCACCGGCTAACTCCGTGCCAGCAGCCGCGGTAATACGGAGGGTGCAAGCGTTATTCGGAATCACTGGGCGTAAAGGACGCGTAGGCGGGTTGGAAAGTCAGATGTGAAATCCTACAGCTTAACTGTAGAACTGCATTTGAAACTTCCAATCTAGAGTATGGGAGGGGGAGATGGAATTAGTGGTGTAGGGGTAAAATCCGTAGATATCACTAGGAATACCGAAAGCGAAGGCGATCTCCTGGAACATAACTGACGCTAAGGCGTGAAAGCGTGGGGAGCAAAC	Cluster_23	6892	5	546	11	27	15	6224	20	3	20	21
Bacteria;(1.0);Firmicutes;(1.0);Clostridia;(1.0);Clostridiales;(1.0);Lachnospiraceae;(1.0);Natranaerovirga;(1.0);Natranaerovirga hydrolytica;(0.99);	Bacteria;Firmicutes;Clostridia;Clostridiales;Lachnospiraceae;Natranaerovirga;Natranaerovirga hydrolytica	GQ863487.1.1487	100.0	100.0	0.0	404	2_16628	TGGGGAATATTGCACAATGGGGGAAACCCTGATGCAGCGACGCCGCGTGAAGGAAGAAGGTTTTCGGATCGTAAACTTCTATCAGCAGGGAAGAAAAAAATGACGGTACCTGACTAAGAAGCCCCGGCTAACTACGTGCCAGCAGCCGCGGTAATACGTAGGGGGCAAGCGTTATCCGGAATTACTGGGTGTAAAGGGTGCGTAGGCGGTTATGCAAGTCAGATGTGAAAGCCCAAGTCTCAAACTAGGGATTGCATTTGAAACTGTGTAACTAGAGTACAGGAGAGGTAAGTGGAATTTCTAGTGTAGCGGTGAAATGCGTAGATATTAGGAAGAACACCAGTGGCGAAGGCGGCTTACTGGACTGTAACTGACGCTGAGGCACGAAAGCGTGGGGAGCGAAC	Cluster_24	6674	3	14	242	7	8	33	4	6343	6	14
Bacteria;(1.0);Gemmatimonadetes;(1.0);Gemmatimonadetes;(1.0);Gemmatimonadales;(1.0);Gemmatimonadaceae;(1.0);Gemmatimonas;(1.0);Gemmatimonas aurantiaca;(0.45);	Bacteria;Gemmatimonadetes;Gemmatimonadetes;Gemmatimonadales;Gemmatimonadaceae;Gemmatimonas;Multi-affiliation	multi-subject	100.0	100.0	0.0	418	1_29102	TGGGGAATATTGCGCAATGGCCGAAAGGCTGACGCAGCGACGCCGCGTGGGGGATGAAGCATTTCGGTGTGTAAACCCCTGTTGCCCGGGACGAACAAGCGATTTTGATCGCTCTGACGGTACCGGGTGAGGAAGCACCGGCTAACTCCGTGCCAGCAGCCGCGGTAATACGGAGGGTGCGAGCGTTGTCCGGAATCACTGGGCGTAAAGGGCGCGTAGGCGGTCTGCTAAGCGTGTGGTGAAAGCTCGGGGCTCAACCCCGAGTCTGCCATGCGAACTGGTGGACTAGAGCACTGTAGAGGCAGGTGGAATTCCGGGTGTAGCGGTGGAATGCGTAGAGATCCGGAAGAACACCAGTGGCGAAGGCGGCCTGCTGGGCAGTAGCTGACGCTGAGGCGCGATAGCGTGGGGAGCAAAC	Cluster_25	6780	41	6	45	26	6	163	6466	12	8	7
Bacteria;(1.0);Proteobacteria;(1.0);Betaproteobacteria;(1.0);Burkholderiales;(1.0);Alcaligenaceae;(1.0);Parasutterella;(1.0);unknown species;(1.0);	Bacteria;Proteobacteria;Betaproteobacteria;Burkholderiales;Alcaligenaceae;Parasutterella;Multi-affiliation	multi-subject	100.0	100.0	0.0	426	1_34239	TGGGGAATTTTGGACAATGGGCGCAAGCCTGATCCAGCTATTCCGCGTGTGGGATGAAGGCCCTCGGGTTGTAAACCACTTTTGTAGAGAACGAAAAGACACCTTCGAATAAAGGGTGTTGCTGACGGTACTCTAAGAATAAGCACCGGCTAACTACGTGCCAGCAGCCGCGGTAATACGTAGGGTGCGAGCGTTAATCGGAATTACTGGGCGTAAAGGGTGCGCAGGCGGTTGAGTAAGACAGATGTGAAATCCCCGAGCTTAACTCGGGAATGGCATATGTGACTGCTCGACTAGAGTGTGTCAGAGGGAGGTGGAATTCCACGTGTAGCAGTGAAATGCGTAGATATGTGGAAGAACACCGATGGCGAAGGCAGCCTCCTGGGACATAACTGACGCTCAGGCACGAAAGCGTGGGGAGCAAAC	Cluster_26	6712	3	16	349	3	10	13	4	4	6305	5
Bacteria;(1.0);Verrucomicrobia;(1.0);Opitutae;(1.0);Puniceicoccales;(1.0);Puniceicoccaceae;(1.0);Cerasicoccus;(1.0);Cerasicoccus arenae;(1.0);	Bacteria;Verrucomicrobia;Opitutae;Puniceicoccales;Puniceicoccaceae;Cerasicoccus;Cerasicoccus arenae	AB292183.1.1469	100.0	100.0	0.0	420	1_67527	TTTCGAATCATTGGCTAATGCGCGAAAGCGTGACCATGCAATGCCGCGTGGGGGATGAAGGCCTTCGGGTCGTAAACCCCTGTCAAGAAGGAATAAAACCACGTGAAGAGCGTGCTTGAACTAACTTCTAGAGGAAGAGGTGGCTAACTCCGTGCCAGCAGCCGCGGTAATACGGAGACCTCGAGCGTTACTCGGATTCACTGGGCGTAAAGGGAGCGCAGGCGGATTGGTGTGTCAGGTGTGAAAGCCCAGGGCTCAACTCTGGAACGGCGCCTGAAACTACCAATCTTGAGGCTTGGAGAGGTAAGCGGAATTTCTGGTGTAGCGGTGAAATGCATAGATATCAGAAGGAACACCAAAGGCGAAGGCAGCTTACTGGACAAGTTCTGACGCTCAGGCTCGAAAGCGTGGGTAGCGAAA	Cluster_27	6606	19	6	6194	4	29	4	5	17	9	319
Bacteria;(1.0);Proteobacteria;(1.0);Gammaproteobacteria;(1.0);Chromatiales;(1.0);Halothiobacillaceae;(1.0);Thiovirga;(1.0);unknown species;(1.0);	Bacteria;Proteobacteria;Gammaproteobacteria;Chromatiales;Halothiobacillaceae;Thiovirga;Multi-affiliation	multi-subject	100.0	100.0	0.0	426	2_76332	TGGGGAATATTGGACAATGGGCGCAAGCCTGATCCAGCAATGCCGCGTGTGTGAAGAAGGCCTTCGGGTTGTAAAGCACTTTTGTTAGGGAGGAAAGTCTGGTAGCTAATAACTGCTAGATCTGACGTTACCTAAAGAATCAGCACCGGCTAACTCTGTGCCAGCAGCCGCGGTAATACAGAGGGTGCAAGCGTTAATCGGAATTACTGGGCGTAAAGGGTCTGTAGGCGGATTATTAAGTCGGATGTGAAATCCCCGGGCTCAACCTGGGAACGGCATTCGATACTGGTAGTCTAGAGTGTGCAAGAGGATGGGGGAATTCCTGGTGTAGCAGTGAAATGCGTAGAGATCAGGAGGAACATCAATGGCGAAGGCACCTTTCTGGGGCAACACTGACGCTGAGAGACGAAAGCGTGGGGAGCAAAC	Cluster_28	6488	2	5	71	8	2	3	11	5	7	6374
Bacteria;(1.0);Planctomycetes;(1.0);Planctomycetacia;(1.0);Planctomycetales;(1.0);Planctomycetaceae;(1.0);Singulisphaera;(1.0);Singulisphaera acidiphila DSM 18658;(1.0);	Bacteria;Planctomycetes;Planctomycetacia;Planctomycetales;Planctomycetaceae;Singulisphaera;Multi-affiliation	multi-subject	100.0	100.0	0.0	413	1_13849	TCGAGAATCTTCGGCAATGGGCGCAAGCCTGACCGAGCGACGCCGCGTGGAGGATGAAGGCCTTCGGGTTGTAAACTCCTGTCGAGGGGGAAAAAGGGCTGAAAAGCCTTGATTGATCCCTGGAGGAAGCACGGGCTAAGTTCGTGCCAGCAGCCGCGGTAAGACGAACCGTGCGAACGTTATTCGGAATCATTGGGCTTAAAGCGCGTGTAGGCGGATTCGTGCGTCTGTCGCTGAAATCCCCCGGCTCAACCGGGGAACGGGCGTGGATACGACGAGTCTGGAGGGGCATAGGGGGACCTGGAACTTCCGGTGGAGCGGTGAAATGCGTTGAGATCGGAAGGAACGCCCGTGGCGAAAGCGAGGTCCTGGATGCCTACTGACGCTGAGACGCGAAAGCCAGGGGAGCGAAC	Cluster_29	6545	26	37	3	14	6423	13	6	6	5	12
Bacteria;(1.0);Fusobacteria;(1.0);Fusobacteriia;(1.0);Fusobacteriales;(1.0);Fusobacteriaceae;(1.0);Fusobacterium;(1.0);Fusobacterium nucleatum;(0.66);	Bacteria;Fusobacteria;Fusobacteriia;Fusobacteriales;Fusobacteriaceae;Fusobacterium;Multi-affiliation	multi-subject	100.0	100.0	0.0	404	1_95	TGGGGAATATTGGACAATGGACCGAGAGTCTGATCCAGCAATTCTGTGTGCACGATGACGTTTTTCGGAATGTAAAGTGCTTTCAGTTGGGAAGAAAAAAATGACGGTACCAACAGAAGAAGTGACGGCTAAATACGTGCCAGCAGCCGCGGTAATACGTATGTCACGAGCGTTATCCGGATTTATTGGGCGTAAAGCGCGTCTAGGTGGTTATGTAAGTCTGATGTGAAAATGCAGGGCTCAACTCTGTATTGCGTTGGAAACTGTGTAACTAGAGTACTGGAGAGGTAAGCGGAACTACAAGTGTAGAGGTGAAATTCGTAGATATTTGTAGGAATGCCGATGGGGAAGCCAGCTTACTGGACAGATACTGACGCTGAAGCGCGAAAGCGTGGGTAGCAAAC	Cluster_30	6218	6123	12	1	12	37	8	2	5	2	16
Bacteria;(1.0);Bacteroidetes;(1.0);Cytophagia;(1.0);Order III;(1.0);Unknown Family;(1.0);Balneola;(1.0);Balneola vulgaris DSM 17893;(1.0);	Bacteria;Bacteroidetes;Cytophagia;Order III;Unknown Family;Balneola;Multi-affiliation	multi-subject	100.0	100.0	0.0	421	1_1420	TGAGGAATCTTGCGCAATGGGCGAAAGCCTGACGCAGCCACGCCGCGTGCCGGATGAAGGCCCTATGGGTTGTAAACGGCTTTTGAGGAGGAAGAACGACTGGATTTCGATCTGGTGTGACGGTACTCCTTGAATAAGCACCGGCTAACTCCGTGCCAGCAGCCGCGGTAATACGGAGGGTGCAAGCGTTGTCCGGAATCATTGGGTGTAAAGGGTGCGTAGGCGGGCTATTAAGTCTGGGGTGAAATCTTGCCGCTTAACGGTAAAATGGCCCTGGATACTGGTAGTCTTGAGTGTAGAAGAGGTAAGTGGAATTCGTAGTGTAGCGGTGAAATGCATAGATATTACGAAGAACATCAGTGGCGAAGGCGGCTTACTGGTCTACAACTGACGCTGAGGCACGAAAGCGTGGGGAGCGAAC	Cluster_31	4962	234	8	423	7	4049	4	13	212	2	10
Bacteria;(1.0);Proteobacteria;(1.0);Deltaproteobacteria;(1.0);Deltaproteobacteria Incertae Sedis;(1.0);Syntrophorhabdaceae;(1.0);Syntrophorhabdus;(1.0);Syntrophorhabdus aromaticivorans;(0.42);	Bacteria;Proteobacteria;Deltaproteobacteria;Deltaproteobacteria Incertae Sedis;Syntrophorhabdaceae;Syntrophorhabdus;Multi-affiliation	multi-subject	100.0	100.0	0.0	427	2_50571	TGGGGAATATTGGGCAATGGGCGAAAGCCTGACCCAGCGACGCCGCGTGGGCGATGAAGGCCTTCGGGTTGTAAAGCCCTTTCGTGCGGAAAGAATAGTCCCGTGGTGAATATCCGCGGGATTTGACGGTACCGCAGGAAGAAGCACCGGCTAACTCCGTGCCAGCAGCCGCGGTAATACGGAGGGTGCAAGCGTTGTTCGGAATTATTGGGCGTAAAGGGCGCGTAGGCGGTTGTGATAGTCAGATGTGAAATCCTCCGGCTTAACTGGAGAACTGCATCTGAAACTTCATAGCTAGAGTACAGGAGAGGGAAACGGAATTCCCGGTGTAGAGGTGAAATTCGTAGATATCGGGAGGAACACCAGTGGCGAAGGCGGTTTCCTGGCCTGATACTGACGCTGAGGCGCGAAAGCGTGGGGAGCAAAC	Cluster_32	4814	15	25	1207	67	10	2914	38	12	524	2
Bacteria;(1.0);Proteobacteria;(1.0);Gammaproteobacteria;(1.0);Thiotrichales;(1.0);Piscirickettsiaceae;(1.0);uncultured;(1.0);Piscirickettsiaceae bacterium P2D;(1.0);	Bacteria;Proteobacteria;Gammaproteobacteria;Thiotrichales;Piscirickettsiaceae;uncultured;Piscirickettsiaceae bacterium P2D	JQ080912.1.1449	100.0	100.0	0.0	426	2_10504	TGGGGAATATTGCACAATGGGCGCAAGCCTGATGCAGCCATGCCGCGTGTGTGAAGAAGGCCCGAGGGTTGTAAAGCACTTTCAGTGGGGAGGAAGGACGCTTGGCTAATACCCAAGCGTTTTGACGTTACCCACAGAAGAAGCACCGGCTAACTCTGTGCCAGCAGCCGCGGTAATACAGAGGGTGCAAGCGTTATTCGGAATTACTGGGCGTAAAGCGCGCGTAGGCGGAATGTTAAGTCAGTTGTGAAATCCCCGGGCTCAACCTGGGAACTGCATCTGATACTGGCATTCTAGAGTTTAGTAGAGGGAAGTGGAATTCCAGGTGTAGCAGTGAAATGCGTAGATATCTGGAGGAACACCAGTGGCGAAGGCGACTTCCTGGACTAAAACTGACGCTGAGGTGCGAAAGCGTGGGGAGCGAAC	Cluster_33	4675	7	49	29	7	70	43	132	149	22	4167
Bacteria;(1.0);Proteobacteria;(1.0);Alphaproteobacteria;(1.0);Rhodobacterales;(1.0);Rhodobacteraceae;(1.0);Hwanghaeicola;(0.92);Hwanghaeicola aestuarii;(0.92);	Bacteria;Proteobacteria;Alphaproteobacteria;Rhodobacterales;Rhodobacteraceae;Hwanghaeicola;Hwanghaeicola aestuarii	FJ230842.1.1350	100.0	100.0	0.0	403	1_4363	TGGGGAATCTTAGACAATGGGCGCAAGCCTGATCTAGCCATGCCGCGTGAGTGACGAAGGCCCTAGGGTCGTAAAGCTCTTTCGCTGGGGAAGATAATGACTGTACCCAGTAAAGAAGTCCCGGCTAACTCCGTGCCAGCAGCCGCGGTAATACGGAGGGGACTAGCGTTGTTCGGAATTACTGGGCGTAAAGCGCGCGTAGGCGGACATTTAAGTCAGGGGTGAAATTCCCGGGGCTCAACCCCCGGAACTGCCCTTGATACTGGGTGTCTTGAGTTCGAGAGAGGTGAGTGGAATTCCGAGTGTAGAGGTGAAATTCGTAGATATTCGGAGGAACACCAGTGGCGAAGGCGGCTCACTGGCTCGATACTGACGCTGAGGTGCGAAAGCGTGGGGAGCAAAC	Cluster_34	4657	61	76	340	3	40	13	19	1104	2993	8
Bacteria;(1.0);Bacteroidetes;(1.0);Cytophagia;(1.0);Order III;(1.0);Unknown Family;(1.0);Fodinibius;(1.0);Fodinibius salinus;(1.0);	Bacteria;Bacteroidetes;Cytophagia;Order III;Unknown Family;Fodinibius;Fodinibius salinus	HM153810.1.1466	100.0	100.0	0.0	421	1_79805	TGAGGAATCTTGCGCAATGGAGGAAACTCTGACGCAGCCACGCCGCGTGCTGGAAGACGGCCCTATGGGTTGTAAACAGCTTTTACTGGGGAAGAACCTGGACCTTTCGAGGTCCACTGACGGTACCTAGTGAATAAGCACCGGCTAACTCCGTGCCAGCAGCCGCGGTAATACGGAGGGTGCAAGCGTTGTCCGAAATTATTGGGTGTAAAGGGTGTGCAGGCGGAGGTCTATGTCGGAGGTGAAAGTCGGCCGCTTAACGGTCGTCGTGCCTTCGAAACTGGATCTCTTGAGTTCGGAAAAGGTCGGTGGAATTCGTGGTGTAGCGGTGAAATGCATAGATATCACGAAGAACACCAGTGGCGAAAGCGGCCGGCCGGTCCGATACTGACGCTGAGACACGAAAGCGTGGGGAGCGAAC	Cluster_35	4587	7	60	173	5	1	4205	4	4	2	126
Bacteria;(1.0);Proteobacteria;(1.0);Gammaproteobacteria;(1.0);Thiotrichales;(1.0);Thiotrichales Incertae Sedis;(1.0);Fangia;(1.0);Fangia hongkongensis;(1.0);	Bacteria;Proteobacteria;Gammaproteobacteria;Thiotrichales;Thiotrichales Incertae Sedis;Fangia;Fangia hongkongensis	AB176554.1.1515	100.0	100.0	0.0	426	1_54114	TGGGGAATATTGGACAATGGGGGCAACCCTGATCCAGCAATACCATGTGTGTGAAGAAGGCCTTAGGGTTGTAAAGCACTTTAGTCGCTGAGGAAGGCTATTAGGTTAAGAGCTAGATAGTTTGACGTTAGGCGAAGAATAAGCACCGGCTAACTCCGTGCCAGCAGCCGCGGTAATACGGAGGGTGCGAGCGTTAATCGGAATTACTGGGCGTAAAGGGTTCGTAGGTGGATAGATAAGTCAGATGTGAAATCCCTGGGCTCAACCTAGGAATTGCATTTGATACTGTTTATCTAGAGTTCACTAGAGGATTGGGGAATTTCCGGTGTAGCGGTGAAATGCGTAGAGATCGGAAGGAACATCAATGGCGAAGGCAACAATCTGGGGTTGAACTGACACTGAGGGACGAAAGCGTGGGTAGCAAAC	Cluster_36	4516	39	235	20	4127	2	29	3	37	19	5
Bacteria;(1.0);Proteobacteria;(1.0);Alphaproteobacteria;(1.0);Rhodospirillales;(1.0);Rhodospirillaceae;(1.0);Phaeovibrio;(1.0);Phaeovibrio sulfidiphilus NBRC 106163;(1.0);	Bacteria;Proteobacteria;Alphaproteobacteria;Rhodospirillales;Rhodospirillaceae;Phaeovibrio;Phaeovibrio sulfidiphilus NBRC 106163	FN391894.1.1450	100.0	100.0	0.0	407	1_67712	TGGGGAATATTGCGCAATGGGGGGAACCCTGACGCAGCCATGCCGCGTGAGTGATGAAGGCCTTCGGGTTGTAAAGCTCTTTCAGATGTGACGATGATGACGGTAACATCAGAAGAAGCCCCGGCTAACTTCGTGCCAGCAGCCGCGGTAATACGAAGGGGGCAAGCGTTGTTCGGAATTACTGGGCGTAAAGAGCGCGTAGGCGGCCAGATCAGTCAGGGGTGAAATCCCGGGGCTCAACCCCGGAACTGCCCTTGATACTGTCGGGCTAGAATCCGTGAGAGGGTGGGTGGAATTCCCAGTGTAGAGGTGAAATTCGTAGATATTGGGGAGGAACACCCAGTGGCGAAGGCGGCCACCTGGTTGCGGTATTGACGCTGAAGGCGCGAAAGCGTGGGGGAGCGAAC	Cluster_37	4412	10	10	9	29	4	6	8	1	4077	258
Bacteria;(1.0);Proteobacteria;(1.0);Deltaproteobacteria;(1.0);Desulfovibrionales;(1.0);Desulfohalobiaceae;(1.0);Desulfonatronovibrio;(1.0);Desulfonatronovibrio hydrogenovorans;(0.91);	Bacteria;Proteobacteria;Deltaproteobacteria;Desulfovibrionales;Desulfohalobiaceae;Desulfonatronovibrio;Desulfonatronovibrio hydrogenovorans	X99234.1.1503	100.0	100.0	0.0	427	1_8779	TGGGGAATATTGGGCAATGGGGGCAACCCTGACCCAGCAACCCCGTGTGAGGGAAGAAGGTTTTCGGATCGTAAACCTCTGTCAGGAGGGAAGAAGTGCATGGCAAGTAATATGTGTCATGTGTGACGGTACCTCCAAAGGAAGCACCGGCTAACTCCGTGCCAGCAGCCGCGGTAATACGGAGGGTGCGAGCGTTATTCGGAATTACTGGGCGTAAAGCGCGCGTAGGCGGCGCGGCAAGTCAGATGTGAAAGCCCCCGGCTCAACCTGGGAATTGCATTTGATACTGCCGTGCTTGAGTGAGGTAGAGGGTGGCGGAATTCCCGGTGTAGGAGTGAAATCCGTAGATATCGGGAGGAACACCAGTGGCGAAGGCGGCCACCTGGGCCTTTACTGACGCTGAGGTGCGAAAGCGTGGGTAGCAAAC	Cluster_38	4392	27	8	16	7	6	6	5	3965	29	323
Bacteria;(1.0);Proteobacteria;(1.0);Alphaproteobacteria;(1.0);Rickettsiales;(1.0);Rickettsiaceae;(1.0);Orientia;(1.0);Orientia tsutsugamushi;(1.0);	Bacteria;Proteobacteria;Alphaproteobacteria;Rickettsiales;Rickettsiaceae;Orientia;Multi-affiliation	multi-subject	100.0	100.0	0.0	401	1_46282	TGGGGAATATTGGACAATGGGCGAAAGCCTGATCCAGCAATGCCGCGTGAGTGATGAAGGCCTTAGGGTTGTAAAGCTCTTTTAGTAGGGATGATAATGACAGTACCTACAGAAAAAGCCCCGGCTAACTCCGTGCCAGCAGCCGCGGTAAGACGGAGGGGGCTAGCGTTGTTCGGAATTACTGGGCGTAAAGGGCGCGTAGGCGGTTTAATAAGTTAGGAGTGAAATCCCGGGGCTTAACCCTGGAACTGCTTCTAAAACTGTTAGGCTAGAGTATGGTAGAGGATGATGGAATTTCTAGTGTAGAGGTAAAATTCTTAGATATTAGAAGGAACACCAGTGGCGAAAGCTGTCATCTGGGCCATTACTGACGCTGAGGCGCGAAAGCGTGGGGAGCAAAC	Cluster_39	4332	7	6	4172	98	5	15	3	6	14	6
Bacteria;(1.0);Actinobacteria;(1.0);Actinobacteria;(1.0);Micrococcales;(1.0);Microbacteriaceae;(1.0);Gryllotalpicola;(1.0);Gryllotalpicola koreensis;(0.97);	Bacteria;Actinobacteria;Actinobacteria;Micrococcales;Microbacteriaceae;Gryllotalpicola;Gryllotalpicola koreensis	HQ832501.1.1431	100.0	100.0	0.0	410	3_83908	TGGGGAATATTGCACAATGGGCGCAAGCCTGATGCAGCAACGCCGCGTGGGGGATGACGGCCTTCGGGTTGTAAACCTCTTTTGGCAGGGAAGAAGCTTTTCGGAGTGACGGTACCTGCAGAAGAAGGACCGGCTAACTACGTGCCAGCAGCCGCGGTAATACGTAGGGTCCGAGCGTTGTCCGGAATTATTGGGCGTAAAGAGCTCGTAGGCGGTTCGTCGCGTCTGCCGTGAAATCCTCAGGCTCAACCTGAGGCGTGCGGTGGGTACGGGCGGGCTAGAGTGCGGTAGGGGAGAATGGAACTCCTGGTGTAGCGGTGGAATGCGCAGATATCAGGAAGAACACCGATGGCGAAGGCAGTTCTCTGGGCCGTAACTGACGCTGAGGAGCGAAAGCGTGGGGAGCGAAC	Cluster_40	4343	0	1	2	2273	31	1818	131	20	61	6
Bacteria;(1.0);Synergistetes;(1.0);Synergistia;(1.0);Synergistales;(1.0);Synergistaceae;(1.0);Anaerobaculum;(1.0);unknown species;(0.98);	Bacteria;Synergistetes;Synergistia;Synergistales;Synergistaceae;Anaerobaculum;Multi-affiliation	multi-subject	100.0	100.0	0.0	404	1_45652	TGGGGAATCTTGGGCAATGGGCGAAAGCCTGACCCAGCGACGCCGCGTTGGGGATGAAGCCCTTCGGGGCGTAAACCCATGTTGTAGGGGACGAAGAAAGTGACGGTACCCTACGAGAAAGCCCCGGCCAACTACGTGCCAGCAGCCGCGGTAAAACGTAGGGGGCGAGCGTTGTCCGGAATTACTGGGCGTAAAGGGCACGCAGGCGGTACGCCAAGTCGGGGGTGTAAAGTTACGGCTCAACCGTGACCTTGCAATCGATACTGGCGTACTGGAGTGCGGGAGAGGGAAGTGGAATTCCCGGTGTAGCGGTGAAATGCGTAGATATCGGGAGGAACGCCAGTGGCGAAGGCGGCTTCCTGGCCCGCGACTGACGCTCATGTGCGAAAGCCAGGGGAGCGAAC	Cluster_42	4311	10	36	807	39	3005	5	10	363	8	28
Bacteria;(1.0);Proteobacteria;(1.0);Epsilonproteobacteria;(1.0);Nautiliales;(1.0);Nautiliaceae;(1.0);Thioreductor;(1.0);Thioreductor micantisoli;(0.99);	Bacteria;Proteobacteria;Epsilonproteobacteria;Nautiliales;Nautiliaceae;Thioreductor;Thioreductor micantisoli	AB175498.1.1417	100.0	100.0	0.0	401	1_66	TGGGGAATATTGCACAATGGAGGAAACTCTGATGCAGCAATGCCGCGTGGAGGATGACGGATTTCGGTCTGTAAACTCCTTTTATATAGGAAGATAATGACGGTACTATATGAATAAGCACCGGCTAACTCCGTGCCAGCAGCCGCGGTAATACGGAGGGTGCAAGCGTTACTCGGAATCACTGGGCGTAAAGAGCGCGTAGGCTGGTTTGTAAGTTAGAAGTGAAATCCCCCAGCTCAACTGTGGAACTGCTTCTAAAACTGCAGACCTAGAATTTGGGAGAGGTAAGTGGAATTCCTGGTGTAGGGGTGAAATCCGTAGAGATCAGGAGGAATACCGAAAGCGAAGGCGACTTACTGGAACAATATTGACGCTGATGCGCGAAAGCGTGGGGAGCAAAC	Cluster_43	4295	4119	2	3	6	27	11	0	115	4	8
