#seed_id	seed_sequence	observation_name	observation_sum	500taxas_With_Error_Power_Law-01-reads	500taxas_With_Error_Power_Law-02-reads	500taxas_With_Error_Power_Law-03-reads	500taxas_With_Error_Power_Law-04-reads	500taxas_With_Error_Power_Law-05-reads	500taxas_With_Error_Power_Law-06-reads	500taxas_With_Error_Power_Law-07-reads	500taxas_With_Error_Power_Law-08-reads	500taxas_With_Error_Power_Law-09-reads	500taxas_With_Error_Power_Law-10-reads
2_17	TGAGGAATATTGGACAATGGAGGAGACTCTGATCCAGCCATGCCGCGTGCAGGAAGAATGCCCTATGGGTAGTAAACTGCTTTTATACAGGAAGAAAAAAGAGTACGTGTACTCTACTGACGGTACTGTAAGAATAAGGACCGGCTAACTCCGTGCCAGCAGCCGCGGTAATACGGAGGGTCCGAGCGTTATCCGGAATTATTGGGTTTAAAGGGTCCGTAGGCGGGCCGATAAGTCAGGGGTGAAAGTCTGCAGCTCAACTGTAAAATTGCCTTTGATACTGTCGGTCTTGAGTTATAGTGAAGTTGCTGGAATATGTAGTGTAGCGGTGAAATGCATAGATATTACATAGAACACCGATTGCGAAGGCAGGTGACTAACTATATACTGACGCTGATGGACGAAAGCGTGGGGAGCGAAC	Cluster_1	33769	7	32460	10	5	8	202	400	2	397	278
1_40	TGAGGAATTTTGCGCAATGGGCGAAAGCCTGACGCAGCAACGCCGCGTGAGTGATGAAGGCTCTTGGGTCGTAAAGCTCTGTCAAGTGGGAAGAAACCTCACATGACTAATACTCATGTGAATTGACGGTACCACTGAAGGAAGCACCGGCTAACTCCGTGCCAGCAGCCGCGGTAACACGGGGGGTGCAAGCGTTATTCGGTATTATTGGGCGTAAAGGGCGCGTAGGCGGCCATTTAAGTCGGGTGTGAAATCCCGGGGCTTAACCCCGGAACTGCATCCGATACTGTATGGCTTGAGTATGGGAGAGGGAAGTGGAATTCCAGGTGTAGAGGTGAAATTCGTAGATATCTGGAGGAACACCAGTGGCGAAGGCGACTTCCTGGACCAATACTGACGCTGAGGCGCGAAGGCGTGGGGAGCAAAC	Cluster_2	32955	31458	656	33	6	74	2	298	1	426	1
2_19141	TGGGGAATATTGGACAATGGGCGCAAGCCTGATCCAGCCATGCCGCGTGTGTGATGAAGGCCCTAGGGTTGTAAAGCACTTTCAACGGTGAAGATAATGACGGTAACCGTAGAAGAAGCCCCGGCTAACTTCGTGCCAGCAGCCGCGGTAATACGAAGGGGGCTAGCGTTGTTCGGAATAACTGGGCGTAAAGCGCACGTAGGCGGATTGGAAAGTTAGGGGTGAAATCCCTGGGCTCAACCCAGGAACTGCCTCTAAAACTATCAGTCTAGAGTTCGAGAGAGGTGAGTGGAATTCCGAGTGTAGAGGTGAAATTCGTAGATATTCGGAGGAACACCAGTGGCGAAGGCGGCTCACTGGCTCGATACTGACGCTGAGGTGCGAAAGTGTGGGGAGCAAAC	Cluster_3	32201	6	120	66	2	3	31749	8	2	157	88
1_42754	TGGGGAATATTGGACAATGGGCGCAAGCCTGATCCAGCCATGCCGCGTGAGTGATGAAGGCCTTAGGGTTGTAAAGCTCTTTCGCCGACGGAGATAATGACGGTATCGGAAGAATAAGCCCCGGCTAACTTCGTGCCAGCAGCCGCGGTAATACGAAGGGGGCTAGCGTTGTTCGGAATCACTGGGCGTAAAGCGCACGTAGGCGGATTTTAAGTCAGGGGTGAAAGCCTGGAGCTCAACTCCAGAACTGCCCTTGATACTGGGTATCTCGAGTCCGGAAGAGGTAAGTGGAACTGCGAGTGTAGAGGTGAAATTCGTAGATATTCGCAAGAACACCAGTGGCGAAGGCGGCTTACTGGTCCGGTACTGACGCTGAGGTGCGAAAGCGTGGGGAGCAAAC	Cluster_4	32229	20	45	13	16	42	74	178	6	31809	26
3_9	TGGGGAATATTGGACAATGGGCGCAAGCCTGATCCAGCAATACCGCGTGTGTGAAGAAGGCCTGAGGGTTGTAAAGCACTTTTAATGGGGAGGAACCCCTGCCGGCGAACACCCGGCAGACTGACATTACCCATAGAAAAAGCACCGGCTAACTCCGTGCCAGCAGCCGCGGTAATACGGAGGGTGCAAGCGTTAATCGGAATTACTGGGCGTAAAGCGTGCGTAGGCGGCCCGTCAAGTCAGATGTGAAAGCCCCGGGCTCAACCTGGGAACGGCATTTGAAACTGGCGGGCTAGAGTTTGGGAGAGGTAAGTGGAATTTCAGGTGTAGCGGTGAAATGCGTAGAGATCTGAAGGAACACCAGTGGCGAAGGCGACTTACTGGCCCAAAACTGACGCTGAGGTACGAAAGCGTGGGTAGCAAAC	Cluster_5	31880	5	8	31715	3	37	4	42	33	2	31
1_7216	TAGGGAATATTGCTCAATGGGGGAAACCCTGAAGCAGCAACGCCGCGTGGAGGATGACACTTTTCGGAGCGTAAACTCCTTTTGTTAGGGAAGAACCATGACGGTACCTAACGAATAAGCACCGGCTAACTCCGTGCCAGCAGCCGCGGTAATACGGAGGGTGCAAGCGTTACTCGGAATCACTGGGCGTAAAGGACGCGTAGGCGGATTATCAAGTCTTTTGTGAAATCTAACAGCTTAACTGTTAAACTGCTTGAGAAACTGATAATCTAGAGTGAGGGAGAGGCAGATGGAATTGGTGGTGTAGGGGTAAAATCCGTAGAGATCACCAGGAATACCCATTGCGAAGGCGATCTGCTGGAACTCAACTGACGCTAATGCGTGAAAGCGTGGGGAGCAAAC	Cluster_6	31937	70	10	12	3	31785	6	9	31	11	0
2_4621	TGGGGAATATTGGACAATGGGCGCAAGCCTGATCCAGCAATGCCGCGTGTGTGAAGAAGGCCCTAGGGTTGTAAAGCACTTTCAATTGTGAAGAAGGGTATAAGATTAATACTCTTGTATCTTGACGTTAACTTTAGAAGAAGCACCGGCTAACTCTGTGCCAGCAGCCGCGGTAATACAGAGGGTGCGAGCGTTAATCGGAATTACTGGGCGTAAAGCGCGCGTAGGCGGTTAGATAAGTCAGATGTGAAATCCCCGGGCTCAACCTGGGAACTGCACCTGATACTGTTTAACTAGAGTTTGGGAGAGGGAAGTAGAATTTCAGGTGTAGCGGTGAAATGCATAGAGATCTGAAGGAATACCAGTGGCGAAGGCGACTTCCTGGCCTAAAACTGACGCTGAGGTGCGAAAGCGTGGGTAGCAAAC	Cluster_7	32152	10	23	8	8	42	15	10	9	30	31997
1_67885	TAGGGAATATTGGTCAATGGAGGAGACTCTGAACCAGCCATGCCGCGTGCAGGAAGACGGCCTTCTGGGTTGTAAACTGCTTTTGACAGGGAAGAAAACGGCTATGCGTAGCTAATTGACGGTACCTGTAGAATAAGCACCGGCTAACTCCGTGCCAGCAGCCGCGGTAATACGGAGGGTGCAAGCGTTGTCCGGATTTATTGGGTTTAAAGGGTGCGTAGGTGGCCCATTAAGTCAGTGGTGAAATTTTGCAGCTTAACTGTAAAACTGCCATTGATACTGGTGGGCTTGAGTATTGTTGAGGCAGGCGGAATTTATGATGTAGCGGTGAAATGCATAGATATCATAAAGAACACCGATAGCGAAGGCAGCTTGCTAAGCGATAACTGACACTAAGGCACGAAAGCGTGGGTAGCGAAC	Cluster_8	31962	76	8	8	31785	10	5	55	4	7	4
1_43584	TAGGGAATATTGCACAATGGAGGAAACTCTGATGCAGCCATGCCGCGTGTGTGAAGAAGGCCTTCGGGTTGTAAAGCACTTTCGGAGGGGAGGAGAATGACGTTACCCTCAGAAGAAGCACCGGCTAACTCCGTGCCAGCAGCCGCGGTAATACGGAGGGTGCAAGCGTTAATCGGAATAACTGGGCGTAAAGGGCATGCAGGCGGTTAAACAAGTAGGATGTGAAATCCCCGGGCTCAACCTGGGAAGCGCATACTAAACTGTTTAACTAGAGTATTGCAGGGGGAGACGGAATTCCAGGTGTAGCGGTGGAATGCGTAGATATCTGGAAGAACACCAAAGGCGAAGGCAGTCTCCTGGGCAAATACTGACGCTCATATGCGAAAGCGTGGGTAGCAAAC	Cluster_9	31942	18	20	4	6	7	13	55	31739	72	8
1_64598	TGAGGAATATTGGTCAATGGGCGCAAGCCTGAACCAGCCATGTAGCGTGAAGGATGACAGTTTTTTTGATTGTAAACTTCTTTTCTGTGCGATTAAAGTGTGGCATTTATGCCATATTGCAGTTATCTCAGGAATAAGCATCGGCTAACTCCGTGCCAGCAGCCGCGGTAATACGGAGGATGCGAGCGTTATCCGGATTTATTGGGTTTAAAGGGAGCGTAGATGGTTTTTTAAGTCAGCTGTCAAATGTATGGGCTCAACCCTTATTATCAGTTGAAACTGTAAGACTTGAGTGCGGTGTGGGTACATGGAATTCGTGGTGTAGCGGTGAAATGCATAGATATCACGAAGAACTCCGAAAGCGTAGGCATTGTACCATAGCGCCACTGACATTGATGCTCGAAGGTGCGGGAATCAAAC	Cluster_10	31728	12	2	5	24	22	24	31617	14	5	3
1_87424	TAGGGAATATTGGGCAATGGAGGCAACTCTGACCCAGCCATGCCGCGTGCAGGACGAAGGCGCTCAGCGTTGTAAACTGCTTTTGCCCAAGAAGAACGGTATCTGTGCGCAGGTATGTGACGGTATTGGGTGAATAAGCACCGGCTAACTCCGTGCCAGCAGCCGCGGTAATACGGAGGGTGCAAGCGTTGTCCGGATTTATTGGGTTTAAAGGGTGCGTAGGCGGGTTAGTAAGTCTGGTTTGAAAGCGGGTCGCTCAACGATCCGATGTGGCTGGATACTGTTAATCTTGAAATTGTTGGAGGCAGCCGGAACGGGTCGTGTAGCGGTGAAATGCATAGAGATGACCCAGAACACCAATTGCGTAGGCAGGCTGCTACGACTGATTTGACGCTGAGGCACGAGAGCATGGGGAGCAAAC	Cluster_11	13595	8	3	16	13	9	2188	48	11298	7	5
2_47	TGAGGAATATTGGTCAATGGGCGCAAGCCTGAACCAGCCATGTCGCGTGCAGGATGACTGCCCTATGGGTTGTAAACTGCTTTTTTACGGGAATAAACCTTCCTACGTGTAGGGAGCTGAAGGTACCGTATGAATAAGGATCGGCTAACTCCGTGCCAGCAGCCGCGGTAATACGGAGGATTCGAGCGTTATCCGGATTTATTGGGTTTAAAGGGTCCGTAGGCGGGCGATTAAGTCAGTGGTGAAATCTCACAGCTCAACTGTGAAACTGCCATTGATACTGGTTGTCTTGAATTTAGTTGAGGTGGGCGGAATACGTTATGTAGCGGTGAAATGCATAGATATAACGTAGAACACCGATTGCGAAGGCAGCTCACTAAGCTAATATTGACGCTGATGGACGAAAGCGTGGGGAGCGAAC	Cluster_12	12671	12	11636	5	35	3	817	145	3	7	8
1_49982	TAGGGAATATTGGTCAATGGATGCAAGTCTGAACCAGCCATGCCGCGTGCAGGAAGAAGGCCTTCTGGGTTGTAAACTGCTTTTGCCAGGGGATAAAATGAGCGTGCGCGCTTAATTGAAGGTACCTGGTGAATAAGCCACGGCTAACTACGTGCCAGCAGCCGCGGTAATACGTAGGTGGCAAGCGTTGTCCGGATTTATTGGGTTTAAAGGGTGCGTAGGCGGCCCTGTAAGTCAGTGCTGAAATATCCCGGCTTAACCGGGAGGGTGGCATTGATACTGCAGGGCTTGAGTGAAGTCGAGGTAGGCGGAATTGACGGTGTAGCGGTGAAATGCTTAGATATCGTCAAGAACACCGATAGTGAAGACAGCTTACTAGGCTTATACTGACGCTGAGGCACGAAAGTGTGGGGATCAAAC	Cluster_13	12420	20	9	12	27	11667	17	23	625	8	12
3_77	TAGGGAATATTGGGCAATGGGCGCGAGCCTGACCCAGCCATGCCGCGTGTAGGAAGAAGGCTTTCTGAGTTGTAAACTACTTTTGTAAGGGAAGAACGGCGGTGACGTGTCACCGAGCTGACGGTACCTTACGAATAAGCACCGGCTAACTCCGTGCCAGCAGCCGCGGTAATACGGAGGGTGCAAGCGTTGTCCGGATTTATTGGGTTTAAAGGGTACGTAGGCGGCCTGGTAAGTCCGTGGTGAAAGTCAGTGGCTCAACCATTGAAGTGCCATGGATACTGTCGGGCTTGAGAAGTGTAGAGGCGAGCGGAATTGGTGGTGTAGCGGTGAAATGCATAGATACCACCAGGAACACCGATTGCGAAGGCAGCTCGCTGGACACCCTCTGACGCTGAGGTACGAAAGCGTGGGGAGCGAAC	Cluster_14	12025	1	2	11239	6	608	4	16	16	5	128
2_11228	TGGGGAATATTGGACAATGGGCGCAAGCCTGATCCAGCCATGCCGCGTGTGTGAAGAAGGCCTTAGGGTTGTAAAGCACTTTCAGGAGTGAGGAAGGGCGTATAGTTAATACCTGTATGTTTTGACGTTAACTCCAGAAGAAGCACCGGCTAACTCTGTGCCAGCAGCCGCGGTAATACAGAGGGTGCGAGCGTTAATCGGAATTACTGGGCGTAAAGCGCGCGTAGGCGGTTTGTTAAGTCGGATGTGAAATCCCAGGGCTCAACCTTGGAATGGCACCCGATACTGGCAGGCTAGAGTACGGTAGAGGGGTGTGGAATTTCCTGTGTAGCGGTGAAATGCGTAGATATAGGAAGGAACATCAGTGGCGAAGGCGACACCCTGGACCGATACTGACGCTGAGGTGCGAAAGCGTGGGGAGCAAAC	Cluster_15	11886	8	73	45	11430	79	33	11	198	4	5
1_498	TAAGGAATATTGGTCAATGGACGAAAGTCTGAACCAGCCATGCCGCGTGAAGGATGAAGGCCCTCTGGGTTGTAAACTTCTTTTATCTGGGACGAAAAAAGGGTATTCTTACTCACTTGACGGTACCAGAGGAATAAGCACCGGCTAACTCCGTGCCAGCAGCCGCGGTAATACGGAGGGTGCAAGCGTTATCCGGATTCACTGGGTTTAAAGGGAGCGTAGGTGGGCTGATAAGTCAGTGGTGAAATCTCCGGGCTTAACCCGGAAACTGCCATTGATACTATTAGTCTTGAATTATCTGGAGGTAAGCGGAATATGTCATGTAGCGGTGAAATGCTTAGATATGACATAGAACACCAATTGCGAAGGCAGCTTGCTACGGATTGATTGACACTGAGGCTCGAAAGCGTGGGGATCAAAC	Cluster_16	11795	157	8	97	13	7	4	6	7	11489	7
1_2	TAGGGAATTTTTCACAATGGCGAAAGCCTGATGGAGCAATGCCGCGTGACTGAAGACGGTCTTCGGATTGTAAAAGTCTGTTGTAAGGGAAGAACAGTAAGTATAGGAAATGATACTTATTTGACGGTACCTTACCAGAAAGCCACGGCTAACTATGTGCCAGCAGCCGCGGTAATACATAGGTGGCAAGCGTTATCCGGATTTATTGGGCGTAAAGCGTGCGCAGACGGTTTAACAAGTTTGGGGTCAAATCCTGGAGCTCAACTCCAGTTCGCCTTGAAAACTGTTAAGCTAGAGTGTAGGAAAGGTCGATGGAATTCCATGTGTAGCGGTGAAATGCGTAGATATATGGAGGAACACCAGTGGCGAAGGCGGTCGACTGGCCTATCACTGACGTTTAGGCACGAAAGCGTAGGGAGCAAAT	Cluster_17	11524	11351	2	12	1	30	6	48	42	29	3
1_16191	TAGGGAATCTTCCGCAATGGGCGAAAGCCTGACGGAGCAACGCCGCGTGAGTGATGAAGGTCTTCGGATCGTAAAACTCTGTTATTAGGGAAGAACATATGTGTAAGTAACTGTGCACATCTTGACGGTACCTAATCAGAAAGCCACGGCTAACTACGTGCCAGCAGCCGCGGTAATACGTAGGTGGCAAGCGTTATCCGGAATTATTGGGCGTAAAGCGCGCGTAGGCGGTTTTTTAAGTCTGATGTGAAAGCCCACGGCTCAACCGTGGAGGGTCATTGGAAACTGGAAAACTTGAGTGCAGAAGAGGAAAGTGGAATTCCATGTGTAGCGGTGAAATGCGCAGAGATATGGAGGAACACCAGTGGCGAAGGCGACTTTCTGGTCTGTAACTGACGCTGATGTGCGAAAGCGTGGGGATCAAAC	Cluster_18	11671	58	3	5	2	21	11468	67	37	4	6
1_61445	TAGGGAATATTGGGCAATGGACGGAAGTCTGACCCAGCCACGCCGCGTGAGCGAAGAAGGCCTTCGGGTCGTAAAGTTCTTTTCTACAGGAAGAAAGTTGAGGATGCGTCCTCATTTGCCGGTACTGTAGGAATAAGCACCGGCTAACTCCGTGCCAGCAGCCGCGGTAATACGGAGGGTGCGAGCGTTGTCCGGAATTATTGGGTTTAAAGGGTACGCAGGTGGTTTATTAAGTCAGCGGTGAAAGTCTGTGGCTCAACCATAGAAGCGCCGTTGATACTGGTAGACTTGAATACAGGAGAGGCAGGCGGAATTCCTCATGTAGCGGTGAAATGCATAGATATGAGGAGGAACACCGATAGCGAAGGCAGCTTGCTGGCCATGTATTGACACTGAGGTACGAAAGCGTGGGGAGCGAAC	Cluster_19	11352	3	2	1	13	4	12	6	13	5	11293
1_81126	TGGGGAATATTGGACAATGGGCGAAAGCCTGATCCAGCAATGCCGCGTGTGTGAAGAAGGCCTGCGGGTTGTAAAGCACTTTCAGAGCCAAGAAAAGCTCAGGGCTAATACCCCTGAGTCTTGACATGAACTGCAGAAGAAGCACCGGCTAACTCCGTGCCAGCAGCCGCGGTAATACGGAGGGTGCAAGCGTTAATCGGAATTACTGGGCGTAAAGGGCACGCAGGCGGCCTGGACAGTTGGATGTGAAAGCCCCGGGCTTAACCTGGGAATTGCATTCAATACTTCCAGGCTAGAGTTCGGTAGAGGGTAGTGGAATTCCCGGTGTAGCGGTGAAATGCGTAGATATCGGGAGGAACACCAGTGGCGAAGGCGACTGCCTGGACCGAAACTGACGCTGAGGTGCGAAAGCGTGGGTAGCAAAC	Cluster_20	11515	24	3	10	95	3	32	11300	11	1	36
3_303	TGGGGAATATTGCGCAATGGGGGAAACCCTGACGCAGCAACGCCGCGTGAGTGAAGAAGGTTTTCGGATCGTAAAACTCTGTCTTTGGGGAAGAATACATGACGGTACCCAAGGAGGAAGCCCCGGCTAACTACGTGCCAGCAGCCGCGGTAATACGTAGGGGGCAAGCGTTGTCCGGAATTATTGGGCGTAAAGGGCGTGTAGGCGGTATCGTAAGTCAGGTGTGAAAGTTTGAGGCTTAACCTCAAAATTGCACTTGAAACTGCAATACTTGAGTACTGGAGAGGTAAGTGGAATTCCTAGTGTAGCGGTGAAATGCGTAGATATTAGGAGGAACACCAGTGGCGAAGGCGACTTACTGGACAGTTACTGACGCTGAGGCGCGAAAGCGTGGGGAGCAAAC	Cluster_21	8497	3	6	2256	6185	18	4	3	12	9	1
1_3840	TAGGGAATATTGGGCAATGGACGGAAGTCTGACCCAGCCATGCCGCGTGCAGGATGAAGGCGCTCAGCGTTGTAAACTGCTTTTATTGGTGAAGAACAGCAGTCCTGCGGGATTGTGTGACGGTAGCCAAGGAATAAGCACCGGCTAACTCCGTGCCAGCAGCCGCGGTAATACGGAGGGTGCAAGCGTTGTCCGGATTTATTGGGTTTAAAGGGTGCGTAGGTGGTCATTTAAGTCTGGTTTGAAAGCAGGCGGCTTAACCGTCTGATGTGGCTGGAAACTGAATGACTTGAATGGGTTGGCGGTAGCCGGAATGGGTCATGTAGCGGTGAAATGCATAGATATGACCCGGAACACCGATTGCGAAGGCAGGCTACTACGACTTGATTGACACTGAGGCACGAGAGCATGGGTAGCGAAC	Cluster_22	7184	16	6260	7	5	9	16	20	803	41	7
1_2060	TGAGGAATATTGCACAATGGGGGAAACCCTGATGCAGCAACGCCGCGTGGAGGATGACGCATTTCGGTGTGTAAACTCCTTTTATATGTCAAGAAAATGACGGTAGCATATGAATAAGCACCGGCTAACTCCGTGCCAGCAGCCGCGGTAATACGGAGGGTGCAAGCGTTATTCGGAATCACTGGGCGTAAAGGACGCGTAGGCGGGTTGGAAAGTCAGATGTGAAATCCTACAGCTTAACTGTAGAACTGCATTTGAAACTTCCAATCTAGAGTATGGGAGGGGGAGATGGAATTAGTGGTGTAGGGGTAAAATCCGTAGATATCACTAGGAATACCGAAAGCGAAGGCGATCTCCTGGAACATAACTGACGCTAAGGCGTGAAAGCGTGGGGAGCAAAC	Cluster_23	6892	5	546	11	27	15	6224	20	3	20	21
2_16628	TGGGGAATATTGCACAATGGGGGAAACCCTGATGCAGCGACGCCGCGTGAAGGAAGAAGGTTTTCGGATCGTAAACTTCTATCAGCAGGGAAGAAAAAAATGACGGTACCTGACTAAGAAGCCCCGGCTAACTACGTGCCAGCAGCCGCGGTAATACGTAGGGGGCAAGCGTTATCCGGAATTACTGGGTGTAAAGGGTGCGTAGGCGGTTATGCAAGTCAGATGTGAAAGCCCAAGTCTCAAACTAGGGATTGCATTTGAAACTGTGTAACTAGAGTACAGGAGAGGTAAGTGGAATTTCTAGTGTAGCGGTGAAATGCGTAGATATTAGGAAGAACACCAGTGGCGAAGGCGGCTTACTGGACTGTAACTGACGCTGAGGCACGAAAGCGTGGGGAGCGAAC	Cluster_24	6674	3	14	242	7	8	33	4	6343	6	14
1_29102	TGGGGAATATTGCGCAATGGCCGAAAGGCTGACGCAGCGACGCCGCGTGGGGGATGAAGCATTTCGGTGTGTAAACCCCTGTTGCCCGGGACGAACAAGCGATTTTGATCGCTCTGACGGTACCGGGTGAGGAAGCACCGGCTAACTCCGTGCCAGCAGCCGCGGTAATACGGAGGGTGCGAGCGTTGTCCGGAATCACTGGGCGTAAAGGGCGCGTAGGCGGTCTGCTAAGCGTGTGGTGAAAGCTCGGGGCTCAACCCCGAGTCTGCCATGCGAACTGGTGGACTAGAGCACTGTAGAGGCAGGTGGAATTCCGGGTGTAGCGGTGGAATGCGTAGAGATCCGGAAGAACACCAGTGGCGAAGGCGGCCTGCTGGGCAGTAGCTGACGCTGAGGCGCGATAGCGTGGGGAGCAAAC	Cluster_25	6780	41	6	45	26	6	163	6466	12	8	7
1_34239	TGGGGAATTTTGGACAATGGGCGCAAGCCTGATCCAGCTATTCCGCGTGTGGGATGAAGGCCCTCGGGTTGTAAACCACTTTTGTAGAGAACGAAAAGACACCTTCGAATAAAGGGTGTTGCTGACGGTACTCTAAGAATAAGCACCGGCTAACTACGTGCCAGCAGCCGCGGTAATACGTAGGGTGCGAGCGTTAATCGGAATTACTGGGCGTAAAGGGTGCGCAGGCGGTTGAGTAAGACAGATGTGAAATCCCCGAGCTTAACTCGGGAATGGCATATGTGACTGCTCGACTAGAGTGTGTCAGAGGGAGGTGGAATTCCACGTGTAGCAGTGAAATGCGTAGATATGTGGAAGAACACCGATGGCGAAGGCAGCCTCCTGGGACATAACTGACGCTCAGGCACGAAAGCGTGGGGAGCAAAC	Cluster_26	6712	3	16	349	3	10	13	4	4	6305	5
1_67527	TTTCGAATCATTGGCTAATGCGCGAAAGCGTGACCATGCAATGCCGCGTGGGGGATGAAGGCCTTCGGGTCGTAAACCCCTGTCAAGAAGGAATAAAACCACGTGAAGAGCGTGCTTGAACTAACTTCTAGAGGAAGAGGTGGCTAACTCCGTGCCAGCAGCCGCGGTAATACGGAGACCTCGAGCGTTACTCGGATTCACTGGGCGTAAAGGGAGCGCAGGCGGATTGGTGTGTCAGGTGTGAAAGCCCAGGGCTCAACTCTGGAACGGCGCCTGAAACTACCAATCTTGAGGCTTGGAGAGGTAAGCGGAATTTCTGGTGTAGCGGTGAAATGCATAGATATCAGAAGGAACACCAAAGGCGAAGGCAGCTTACTGGACAAGTTCTGACGCTCAGGCTCGAAAGCGTGGGTAGCGAAA	Cluster_27	6606	19	6	6194	4	29	4	5	17	9	319
2_76332	TGGGGAATATTGGACAATGGGCGCAAGCCTGATCCAGCAATGCCGCGTGTGTGAAGAAGGCCTTCGGGTTGTAAAGCACTTTTGTTAGGGAGGAAAGTCTGGTAGCTAATAACTGCTAGATCTGACGTTACCTAAAGAATCAGCACCGGCTAACTCTGTGCCAGCAGCCGCGGTAATACAGAGGGTGCAAGCGTTAATCGGAATTACTGGGCGTAAAGGGTCTGTAGGCGGATTATTAAGTCGGATGTGAAATCCCCGGGCTCAACCTGGGAACGGCATTCGATACTGGTAGTCTAGAGTGTGCAAGAGGATGGGGGAATTCCTGGTGTAGCAGTGAAATGCGTAGAGATCAGGAGGAACATCAATGGCGAAGGCACCTTTCTGGGGCAACACTGACGCTGAGAGACGAAAGCGTGGGGAGCAAAC	Cluster_28	6488	2	5	71	8	2	3	11	5	7	6374
1_13849	TCGAGAATCTTCGGCAATGGGCGCAAGCCTGACCGAGCGACGCCGCGTGGAGGATGAAGGCCTTCGGGTTGTAAACTCCTGTCGAGGGGGAAAAAGGGCTGAAAAGCCTTGATTGATCCCTGGAGGAAGCACGGGCTAAGTTCGTGCCAGCAGCCGCGGTAAGACGAACCGTGCGAACGTTATTCGGAATCATTGGGCTTAAAGCGCGTGTAGGCGGATTCGTGCGTCTGTCGCTGAAATCCCCCGGCTCAACCGGGGAACGGGCGTGGATACGACGAGTCTGGAGGGGCATAGGGGGACCTGGAACTTCCGGTGGAGCGGTGAAATGCGTTGAGATCGGAAGGAACGCCCGTGGCGAAAGCGAGGTCCTGGATGCCTACTGACGCTGAGACGCGAAAGCCAGGGGAGCGAAC	Cluster_29	6545	26	37	3	14	6423	13	6	6	5	12
1_95	TGGGGAATATTGGACAATGGACCGAGAGTCTGATCCAGCAATTCTGTGTGCACGATGACGTTTTTCGGAATGTAAAGTGCTTTCAGTTGGGAAGAAAAAAATGACGGTACCAACAGAAGAAGTGACGGCTAAATACGTGCCAGCAGCCGCGGTAATACGTATGTCACGAGCGTTATCCGGATTTATTGGGCGTAAAGCGCGTCTAGGTGGTTATGTAAGTCTGATGTGAAAATGCAGGGCTCAACTCTGTATTGCGTTGGAAACTGTGTAACTAGAGTACTGGAGAGGTAAGCGGAACTACAAGTGTAGAGGTGAAATTCGTAGATATTTGTAGGAATGCCGATGGGGAAGCCAGCTTACTGGACAGATACTGACGCTGAAGCGCGAAAGCGTGGGTAGCAAAC	Cluster_30	6218	6123	12	1	12	37	8	2	5	2	16
1_1420	TGAGGAATCTTGCGCAATGGGCGAAAGCCTGACGCAGCCACGCCGCGTGCCGGATGAAGGCCCTATGGGTTGTAAACGGCTTTTGAGGAGGAAGAACGACTGGATTTCGATCTGGTGTGACGGTACTCCTTGAATAAGCACCGGCTAACTCCGTGCCAGCAGCCGCGGTAATACGGAGGGTGCAAGCGTTGTCCGGAATCATTGGGTGTAAAGGGTGCGTAGGCGGGCTATTAAGTCTGGGGTGAAATCTTGCCGCTTAACGGTAAAATGGCCCTGGATACTGGTAGTCTTGAGTGTAGAAGAGGTAAGTGGAATTCGTAGTGTAGCGGTGAAATGCATAGATATTACGAAGAACATCAGTGGCGAAGGCGGCTTACTGGTCTACAACTGACGCTGAGGCACGAAAGCGTGGGGAGCGAAC	Cluster_31	4962	234	8	423	7	4049	4	13	212	2	10
2_50571	TGGGGAATATTGGGCAATGGGCGAAAGCCTGACCCAGCGACGCCGCGTGGGCGATGAAGGCCTTCGGGTTGTAAAGCCCTTTCGTGCGGAAAGAATAGTCCCGTGGTGAATATCCGCGGGATTTGACGGTACCGCAGGAAGAAGCACCGGCTAACTCCGTGCCAGCAGCCGCGGTAATACGGAGGGTGCAAGCGTTGTTCGGAATTATTGGGCGTAAAGGGCGCGTAGGCGGTTGTGATAGTCAGATGTGAAATCCTCCGGCTTAACTGGAGAACTGCATCTGAAACTTCATAGCTAGAGTACAGGAGAGGGAAACGGAATTCCCGGTGTAGAGGTGAAATTCGTAGATATCGGGAGGAACACCAGTGGCGAAGGCGGTTTCCTGGCCTGATACTGACGCTGAGGCGCGAAAGCGTGGGGAGCAAAC	Cluster_32	4814	15	25	1207	67	10	2914	38	12	524	2
2_10504	TGGGGAATATTGCACAATGGGCGCAAGCCTGATGCAGCCATGCCGCGTGTGTGAAGAAGGCCCGAGGGTTGTAAAGCACTTTCAGTGGGGAGGAAGGACGCTTGGCTAATACCCAAGCGTTTTGACGTTACCCACAGAAGAAGCACCGGCTAACTCTGTGCCAGCAGCCGCGGTAATACAGAGGGTGCAAGCGTTATTCGGAATTACTGGGCGTAAAGCGCGCGTAGGCGGAATGTTAAGTCAGTTGTGAAATCCCCGGGCTCAACCTGGGAACTGCATCTGATACTGGCATTCTAGAGTTTAGTAGAGGGAAGTGGAATTCCAGGTGTAGCAGTGAAATGCGTAGATATCTGGAGGAACACCAGTGGCGAAGGCGACTTCCTGGACTAAAACTGACGCTGAGGTGCGAAAGCGTGGGGAGCGAAC	Cluster_33	4675	7	49	29	7	70	43	132	149	22	4167
1_4363	TGGGGAATCTTAGACAATGGGCGCAAGCCTGATCTAGCCATGCCGCGTGAGTGACGAAGGCCCTAGGGTCGTAAAGCTCTTTCGCTGGGGAAGATAATGACTGTACCCAGTAAAGAAGTCCCGGCTAACTCCGTGCCAGCAGCCGCGGTAATACGGAGGGGACTAGCGTTGTTCGGAATTACTGGGCGTAAAGCGCGCGTAGGCGGACATTTAAGTCAGGGGTGAAATTCCCGGGGCTCAACCCCCGGAACTGCCCTTGATACTGGGTGTCTTGAGTTCGAGAGAGGTGAGTGGAATTCCGAGTGTAGAGGTGAAATTCGTAGATATTCGGAGGAACACCAGTGGCGAAGGCGGCTCACTGGCTCGATACTGACGCTGAGGTGCGAAAGCGTGGGGAGCAAAC	Cluster_34	4657	61	76	340	3	40	13	19	1104	2993	8
1_79805	TGAGGAATCTTGCGCAATGGAGGAAACTCTGACGCAGCCACGCCGCGTGCTGGAAGACGGCCCTATGGGTTGTAAACAGCTTTTACTGGGGAAGAACCTGGACCTTTCGAGGTCCACTGACGGTACCTAGTGAATAAGCACCGGCTAACTCCGTGCCAGCAGCCGCGGTAATACGGAGGGTGCAAGCGTTGTCCGAAATTATTGGGTGTAAAGGGTGTGCAGGCGGAGGTCTATGTCGGAGGTGAAAGTCGGCCGCTTAACGGTCGTCGTGCCTTCGAAACTGGATCTCTTGAGTTCGGAAAAGGTCGGTGGAATTCGTGGTGTAGCGGTGAAATGCATAGATATCACGAAGAACACCAGTGGCGAAAGCGGCCGGCCGGTCCGATACTGACGCTGAGACACGAAAGCGTGGGGAGCGAAC	Cluster_35	4587	7	60	173	5	1	4205	4	4	2	126
1_54114	TGGGGAATATTGGACAATGGGGGCAACCCTGATCCAGCAATACCATGTGTGTGAAGAAGGCCTTAGGGTTGTAAAGCACTTTAGTCGCTGAGGAAGGCTATTAGGTTAAGAGCTAGATAGTTTGACGTTAGGCGAAGAATAAGCACCGGCTAACTCCGTGCCAGCAGCCGCGGTAATACGGAGGGTGCGAGCGTTAATCGGAATTACTGGGCGTAAAGGGTTCGTAGGTGGATAGATAAGTCAGATGTGAAATCCCTGGGCTCAACCTAGGAATTGCATTTGATACTGTTTATCTAGAGTTCACTAGAGGATTGGGGAATTTCCGGTGTAGCGGTGAAATGCGTAGAGATCGGAAGGAACATCAATGGCGAAGGCAACAATCTGGGGTTGAACTGACACTGAGGGACGAAAGCGTGGGTAGCAAAC	Cluster_36	4516	39	235	20	4127	2	29	3	37	19	5
1_67712	TGGGGAATATTGCGCAATGGGGGGAACCCTGACGCAGCCATGCCGCGTGAGTGATGAAGGCCTTCGGGTTGTAAAGCTCTTTCAGATGTGACGATGATGACGGTAACATCAGAAGAAGCCCCGGCTAACTTCGTGCCAGCAGCCGCGGTAATACGAAGGGGGCAAGCGTTGTTCGGAATTACTGGGCGTAAAGAGCGCGTAGGCGGCCAGATCAGTCAGGGGTGAAATCCCGGGGCTCAACCCCGGAACTGCCCTTGATACTGTCGGGCTAGAATCCGTGAGAGGGTGGGTGGAATTCCCAGTGTAGAGGTGAAATTCGTAGATATTGGGGAGGAACACCCAGTGGCGAAGGCGGCCACCTGGTTGCGGTATTGACGCTGAAGGCGCGAAAGCGTGGGGGAGCGAAC	Cluster_37	4412	10	10	9	29	4	6	8	1	4077	258
1_8779	TGGGGAATATTGGGCAATGGGGGCAACCCTGACCCAGCAACCCCGTGTGAGGGAAGAAGGTTTTCGGATCGTAAACCTCTGTCAGGAGGGAAGAAGTGCATGGCAAGTAATATGTGTCATGTGTGACGGTACCTCCAAAGGAAGCACCGGCTAACTCCGTGCCAGCAGCCGCGGTAATACGGAGGGTGCGAGCGTTATTCGGAATTACTGGGCGTAAAGCGCGCGTAGGCGGCGCGGCAAGTCAGATGTGAAAGCCCCCGGCTCAACCTGGGAATTGCATTTGATACTGCCGTGCTTGAGTGAGGTAGAGGGTGGCGGAATTCCCGGTGTAGGAGTGAAATCCGTAGATATCGGGAGGAACACCAGTGGCGAAGGCGGCCACCTGGGCCTTTACTGACGCTGAGGTGCGAAAGCGTGGGTAGCAAAC	Cluster_38	4392	27	8	16	7	6	6	5	3965	29	323
1_46282	TGGGGAATATTGGACAATGGGCGAAAGCCTGATCCAGCAATGCCGCGTGAGTGATGAAGGCCTTAGGGTTGTAAAGCTCTTTTAGTAGGGATGATAATGACAGTACCTACAGAAAAAGCCCCGGCTAACTCCGTGCCAGCAGCCGCGGTAAGACGGAGGGGGCTAGCGTTGTTCGGAATTACTGGGCGTAAAGGGCGCGTAGGCGGTTTAATAAGTTAGGAGTGAAATCCCGGGGCTTAACCCTGGAACTGCTTCTAAAACTGTTAGGCTAGAGTATGGTAGAGGATGATGGAATTTCTAGTGTAGAGGTAAAATTCTTAGATATTAGAAGGAACACCAGTGGCGAAAGCTGTCATCTGGGCCATTACTGACGCTGAGGCGCGAAAGCGTGGGGAGCAAAC	Cluster_39	4332	7	6	4172	98	5	15	3	6	14	6
3_83908	TGGGGAATATTGCACAATGGGCGCAAGCCTGATGCAGCAACGCCGCGTGGGGGATGACGGCCTTCGGGTTGTAAACCTCTTTTGGCAGGGAAGAAGCTTTTCGGAGTGACGGTACCTGCAGAAGAAGGACCGGCTAACTACGTGCCAGCAGCCGCGGTAATACGTAGGGTCCGAGCGTTGTCCGGAATTATTGGGCGTAAAGAGCTCGTAGGCGGTTCGTCGCGTCTGCCGTGAAATCCTCAGGCTCAACCTGAGGCGTGCGGTGGGTACGGGCGGGCTAGAGTGCGGTAGGGGAGAATGGAACTCCTGGTGTAGCGGTGGAATGCGCAGATATCAGGAAGAACACCGATGGCGAAGGCAGTTCTCTGGGCCGTAACTGACGCTGAGGAGCGAAAGCGTGGGGAGCGAAC	Cluster_40	4343	0	1	2	2273	31	1818	131	20	61	6
1_45652	TGGGGAATCTTGGGCAATGGGCGAAAGCCTGACCCAGCGACGCCGCGTTGGGGATGAAGCCCTTCGGGGCGTAAACCCATGTTGTAGGGGACGAAGAAAGTGACGGTACCCTACGAGAAAGCCCCGGCCAACTACGTGCCAGCAGCCGCGGTAAAACGTAGGGGGCGAGCGTTGTCCGGAATTACTGGGCGTAAAGGGCACGCAGGCGGTACGCCAAGTCGGGGGTGTAAAGTTACGGCTCAACCGTGACCTTGCAATCGATACTGGCGTACTGGAGTGCGGGAGAGGGAAGTGGAATTCCCGGTGTAGCGGTGAAATGCGTAGATATCGGGAGGAACGCCAGTGGCGAAGGCGGCTTCCTGGCCCGCGACTGACGCTCATGTGCGAAAGCCAGGGGAGCGAAC	Cluster_42	4311	10	36	807	39	3005	5	10	363	8	28
1_66	TGGGGAATATTGCACAATGGAGGAAACTCTGATGCAGCAATGCCGCGTGGAGGATGACGGATTTCGGTCTGTAAACTCCTTTTATATAGGAAGATAATGACGGTACTATATGAATAAGCACCGGCTAACTCCGTGCCAGCAGCCGCGGTAATACGGAGGGTGCAAGCGTTACTCGGAATCACTGGGCGTAAAGAGCGCGTAGGCTGGTTTGTAAGTTAGAAGTGAAATCCCCCAGCTCAACTGTGGAACTGCTTCTAAAACTGCAGACCTAGAATTTGGGAGAGGTAAGTGGAATTCCTGGTGTAGGGGTGAAATCCGTAGAGATCAGGAGGAATACCGAAAGCGAAGGCGACTTACTGGAACAATATTGACGCTGATGCGCGAAAGCGTGGGGAGCAAAC	Cluster_43	4295	4119	2	3	6	27	11	0	115	4	8
